service,base_prefix,method,route
Master_Suite_API,/master-settings-api/api/v1,GET,/ADT/BedAllocationServiceMappingPageLoad?hospitalId={p}
Master_Suite_API,/master-settings-api/api/v1,GET,/ADT/GetBedAllocationServiceMappingById?lookupId={p}
Master_Suite_API,/master-settings-api/api/v1,GET,/ADT/GetTelephonePulseRate
Master_Suite_API,/master-settings-api/api/v1,GET,/ADT/PageLoadRoomStatusSetting
Master_Suite_API,/master-settings-api/api/v1,GET,/ADT/RoomStatusMappingPageLoad?hospitalId={p}
Master_Suite_API,/master-settings-api/api/v1,POST,/ADT/SaveBedAllocationServiceMapping
Master_Suite_API,/master-settings-api/api/v1,POST,/ADT/SaveRoomStatusSetting
Master_Suite_API,/master-settings-api/api/v1,POST,/ADT/SaveTelephonePulseRate
Master_Suite_API,/master-settings-api/api/v1,POST,/ADT/UpdateRoomStatusMapping
Master_Suite_API,/master-settings-api/api/v1,POST,/BaseRate/GetContractList
Master_Suite_API,/master-settings-api/api/v1,POST,/BaseRate/GetContractListDetails
Master_Suite_API,/master-settings-api/api/v1,POST,/BaseRate/SaveServiceDetails
Master_Suite_API,/master-settings-api/api/v1,POST,/BillFormat/BillFormat/save
Master_Suite_API,/master-settings-api/api/v1,GET,/BillFormat/BillFormatPageload
Master_Suite_API,/master-settings-api/api/v1,GET,/BillFormat/GetBillFormatEdit?formatID={p}
Master_Suite_API,/master-settings-api/api/v1,GET,/BillFormat/GetCategory
Master_Suite_API,/master-settings-api/api/v1,GET,/BillFormat/GetOtParameter
Master_Suite_API,/master-settings-api/api/v1,GET,/BillFormat/GetServicemaster?categoryID={p}
Master_Suite_API,/master-settings-api/api/v1,POST,/ContractPrivilege/GetContractPrivileges
Master_Suite_API,/master-settings-api/api/v1,GET,/ContractPrivilege/GetPageLoadCP?hospitalId={p}
Master_Suite_API,/master-settings-api/api/v1,POST,/ContractPrivilege/GetPlans
Master_Suite_API,/master-settings-api/api/v1,POST,/ContractPrivilege/SaveContractPrivilege
Master_Suite_API,/master-settings-api/api/v1,GET,/Emr/Abbreviations/Approved
Master_Suite_API,/master-settings-api/api/v1,GET,/Emr/Abbreviations/Restricted
Master_Suite_API,/master-settings-api/api/v1,GET,/Emr/AllDiagnosisNotify
Master_Suite_API,/master-settings-api/api/v1,GET,/Emr/AllEmrBundle
Master_Suite_API,/master-settings-api/api/v1,GET,/Emr/AllEmrDept
Master_Suite_API,/master-settings-api/api/v1,GET,/Emr/AllEmrIcd
Master_Suite_API,/master-settings-api/api/v1,GET,/Emr/AllEmrService
Master_Suite_API,/master-settings-api/api/v1,GET,/Emr/BrowseFiles
Master_Suite_API,/master-settings-api/api/v1,POST,/Emr/ByFilter/Child
Master_Suite_API,/master-settings-api/api/v1,POST,/Emr/ByFilter/Parent
Master_Suite_API,/master-settings-api/api/v1,POST,/Emr/ChiefComplaints/ById
Master_Suite_API,/master-settings-api/api/v1,GET,/Emr/ChiefComplaints/List
Master_Suite_API,/master-settings-api/api/v1,POST,/Emr/ChiefComplaints/Save
Master_Suite_API,/master-settings-api/api/v1,GET,/Emr/ChiefComplaintsICDs/List
Master_Suite_API,/master-settings-api/api/v1,GET,/Emr/ChiefComplaintsTemplates/List
Master_Suite_API,/master-settings-api/api/v1,POST,/Emr/EmrDepartmentTemplateMapping/List
Master_Suite_API,/master-settings-api/api/v1,POST,/Emr/EmrLookupType
Master_Suite_API,/master-settings-api/api/v1,GET,/Emr/EmrProviderTemplate/List
Master_Suite_API,/master-settings-api/api/v1,POST,/Emr/EmrProviderTemplateMapping/List
Master_Suite_API,/master-settings-api/api/v1,POST,/Emr/EmrTemplateMapping/BulkList
Master_Suite_API,/master-settings-api/api/v1,POST,/Emr/EmrTemplateMapping/BulkSave
Master_Suite_API,/master-settings-api/api/v1,POST,/Emr/EmrTemplateMapping/Default
Master_Suite_API,/master-settings-api/api/v1,GET,/Emr/EmrTemplateMapping/DefaultLoad
Master_Suite_API,/master-settings-api/api/v1,POST,/Emr/EmrTemplateMapping/Delete
Master_Suite_API,/master-settings-api/api/v1,POST,/Emr/EmrTemplateMapping/Save
Master_Suite_API,/master-settings-api/api/v1,POST,/Emr/EmrTemplateMapping/Validation
Master_Suite_API,/master-settings-api/api/v1,GET,/Emr/FetchAllClinicalService?ServiceName={p}&HospitalId={p}
Master_Suite_API,/master-settings-api/api/v1,GET,/Emr/FetchAllDiagnosisNotifyIcd
Master_Suite_API,/master-settings-api/api/v1,GET,/Emr/FetchBundleServiceDetails?EmrMastScrId={p}
Master_Suite_API,/master-settings-api/api/v1,GET,/Emr/FetchClinicalDisplayOrderDtls?HospitalId={p}
Master_Suite_API,/master-settings-api/api/v1,GET,/Emr/FetchEmployeeName
Master_Suite_API,/master-settings-api/api/v1,POST,/Emr/FetchEmrServiceType
Master_Suite_API,/master-settings-api/api/v1,GET,/Emr/FetchICDDetails
Master_Suite_API,/master-settings-api/api/v1,POST,/Emr/FetchICDMastDetailsBySearch
Master_Suite_API,/master-settings-api/api/v1,GET,/Emr/FetchIcdDrugClass?DrugClassId={p}
Master_Suite_API,/master-settings-api/api/v1,GET,/Emr/FetchIcdMasterDtls?EmrIcdId={p}
Master_Suite_API,/master-settings-api/api/v1,GET,/Emr/FetchMappedDiagnosisDetails?IcdCode={p}
Master_Suite_API,/master-settings-api/api/v1,GET,/Emr/FetchMedicationVariations?GenericId={p}
Master_Suite_API,/master-settings-api/api/v1,POST,/Emr/FetchSubservice
Master_Suite_API,/master-settings-api/api/v1,POST,/Emr/GetClinicalDepartments
Master_Suite_API,/master-settings-api/api/v1,POST,/Emr/GetDepartmentGroupDetailsById
Master_Suite_API,/master-settings-api/api/v1,GET,/Emr/GetDepartmentGroupList
Master_Suite_API,/master-settings-api/api/v1,POST,/Emr/GetDeptwiseDischargeSummary
Master_Suite_API,/master-settings-api/api/v1,POST,/Emr/GetDoctorsRankingTemplate
Master_Suite_API,/master-settings-api/api/v1,GET,/Emr/GetEWSDetails
Master_Suite_API,/master-settings-api/api/v1,POST,/Emr/GetICDByEWSType
Master_Suite_API,/master-settings-api/api/v1,GET,/Emr/ImmunizationSearch
Master_Suite_API,/master-settings-api/api/v1,GET,/Emr/NursingDailyIntervention?{p}
Master_Suite_API,/master-settings-api/api/v1,POST,/Emr/SaveBundleCreation
Master_Suite_API,/master-settings-api/api/v1,POST,/Emr/SaveClinicalDisplayOrder
Master_Suite_API,/master-settings-api/api/v1,POST,/Emr/SaveDepartmentGrouping
Master_Suite_API,/master-settings-api/api/v1,POST,/Emr/SaveDiagnosisNotifyMapping
Master_Suite_API,/master-settings-api/api/v1,POST,/Emr/SaveDischargeSummaryMapping
Master_Suite_API,/master-settings-api/api/v1,POST,/Emr/SaveEWSDetails
Master_Suite_API,/master-settings-api/api/v1,POST,/Emr/SaveIcdMaster
Master_Suite_API,/master-settings-api/api/v1,POST,/Emr/SaveImmunizationDetails
Master_Suite_API,/master-settings-api/api/v1,POST,/Emr/SaveNursingDailyIntervention
Master_Suite_API,/master-settings-api/api/v1,POST,/Emr/VitalCategory/ById
Master_Suite_API,/master-settings-api/api/v1,POST,/Emr/VitalCategory/Save
Master_Suite_API,/master-settings-api/api/v1,GET,/Emr/VitalSignCategory/AllData
Master_Suite_API,/master-settings-api/api/v1,POST,/Emr/VitalSignCategory/SubDetails
Master_Suite_API,/master-settings-api/api/v1,GET,/Emr/VitalSignMaster/AllDetails?LookupType={p}&HospitalId={p}
Master_Suite_API,/master-settings-api/api/v1,POST,/Emr/VitalSignMaster/ById
Master_Suite_API,/master-settings-api/api/v1,GET,/Emr/VitalSignMaster/HL7ChannelDetails?hospitalId={p}
Master_Suite_API,/master-settings-api/api/v1,GET,/Emr/VitalSignMaster/InitialData
Master_Suite_API,/master-settings-api/api/v1,POST,/Emr/VitalSignMaster/Save
Master_Suite_API,/master-settings-api/api/v1,POST,/Emr/VitalSignMaster/SubDetails
Master_Suite_API,/master-settings-api/api/v1,GET,/Emr/VitalSignTemplates/ById?emrLookupId={p}
Master_Suite_API,/master-settings-api/api/v1,POST,/Emr/VitalSignTemplates/Save
Master_Suite_API,/master-settings-api/api/v1,GET,/Emr/checklist-handoff/edited-details?emrLookupId={p}
Master_Suite_API,/master-settings-api/api/v1,POST,/Emr/checklist-handoff/save-details
Master_Suite_API,/master-settings-api/api/v1,POST,/Emr/emr-lookups/save-entries
Master_Suite_API,/master-settings-api/api/v1,POST,/Emr/gen-lookups/save-entries
Master_Suite_API,/master-settings-api/api/v1,POST,/Emr/genlookups
Master_Suite_API,/master-settings-api/api/v1,GET,/Emr/lookups/Id?emrLookupId={p}
Master_Suite_API,/master-settings-api/api/v1,GET,/Emr/lookups?hospitalId={p}
Master_Suite_API,/master-settings-api/api/v1,GET,/Emr/validate/Id?genLookupId={p}
Master_Suite_API,/master-settings-api/api/v1,GET,/EmrMenu/RecommendDose/Diluent/Detail?request={p}
Master_Suite_API,/master-settings-api/api/v1,GET,/FileSettings/Category
Master_Suite_API,/master-settings-api/api/v1,GET,/FileSettings/SubCategory
Master_Suite_API,/master-settings-api/api/v1,GET,/GeneralSettings/Country
Master_Suite_API,/master-settings-api/api/v1,DELETE,/GeneralSettings/DelMstrInvCat?invCategoryId={p}
Master_Suite_API,/master-settings-api/api/v1,DELETE,/GeneralSettings/DeleteCity?genCityId={p}
Master_Suite_API,/master-settings-api/api/v1,DELETE,/GeneralSettings/DeleteCountry?genCountryId={p}
Master_Suite_API,/master-settings-api/api/v1,DELETE,/GeneralSettings/DeleteState?genStateId={p}
Master_Suite_API,/master-settings-api/api/v1,GET,/GeneralSettings/Designation
Master_Suite_API,/master-settings-api/api/v1,GET,/GeneralSettings/GetAllHospitals
Master_Suite_API,/master-settings-api/api/v1,GET,/GeneralSettings/GetArabicTranslation?lookupType={p}&lookupValue={p}&field1={p}&hospitalId={p}
Master_Suite_API,/master-settings-api/api/v1,GET,/GeneralSettings/GetCities?StateId={p}&isValid=-1
Master_Suite_API,/master-settings-api/api/v1,GET,/GeneralSettings/GetCountryList
Master_Suite_API,/master-settings-api/api/v1,POST,/GeneralSettings/GetEngArabicDict
Master_Suite_API,/master-settings-api/api/v1,GET,/GeneralSettings/GetGenCard
Master_Suite_API,/master-settings-api/api/v1,GET,/GeneralSettings/GetMsrtMachineSettings?hospitalId={p}
Master_Suite_API,/master-settings-api/api/v1,GET,/GeneralSettings/GetMstrAccHead?isValid={p}
Master_Suite_API,/master-settings-api/api/v1,GET,/GeneralSettings/GetMstrAdtFacility?isValid={p}
Master_Suite_API,/master-settings-api/api/v1,GET,/GeneralSettings/GetMstrChargeDtlsSplit?accMastChargeId={p}
Master_Suite_API,/master-settings-api/api/v1,GET,/GeneralSettings/GetMstrChargeSplit?isValid={p}
Master_Suite_API,/master-settings-api/api/v1,GET,/GeneralSettings/GetMstrEnum
Master_Suite_API,/master-settings-api/api/v1,GET,/GeneralSettings/GetMstrGenLookUp
Master_Suite_API,/master-settings-api/api/v1,GET,/GeneralSettings/GetMstrGenLookUpById
Master_Suite_API,/master-settings-api/api/v1,GET,/GeneralSettings/GetMstrGenLookUpById?lookUpType={p}
Master_Suite_API,/master-settings-api/api/v1,GET,/GeneralSettings/GetMstrORParam?isValid={p}
Master_Suite_API,/master-settings-api/api/v1,POST,/GeneralSettings/GetMstrRvnueCatData
Master_Suite_API,/master-settings-api/api/v1,POST,/GeneralSettings/GetMstrRvnueServiceData
Master_Suite_API,/master-settings-api/api/v1,GET,/GeneralSettings/GetMstrServiceDept?hospitalId={p}
Master_Suite_API,/master-settings-api/api/v1,GET,/GeneralSettings/GetStates?CountryId={p}&isValid=-1
Master_Suite_API,/master-settings-api/api/v1,GET,/GeneralSettings/LookUp/ByType
Master_Suite_API,/master-settings-api/api/v1,GET,/GeneralSettings/LookUp/ByType?LookUpType=
Master_Suite_API,/master-settings-api/api/v1,GET,/GeneralSettings/LookUp/ByType?LookUpType=Emergency Bed
Master_Suite_API,/master-settings-api/api/v1,GET,/GeneralSettings/LookUp/ByType?LookUpType=Emergency Bed Type
Master_Suite_API,/master-settings-api/api/v1,GET,/GeneralSettings/LookUp/ByType?LookUpType=ROOM TYPE CATEGORY
Master_Suite_API,/master-settings-api/api/v1,GET,/GeneralSettings/LookUp/ByType?LookUpType=Region
Master_Suite_API,/master-settings-api/api/v1,GET,/GeneralSettings/LookUp/ByType?LookUpType={p}
Master_Suite_API,/master-settings-api/api/v1,GET,/GeneralSettings/LookUp/ByType?LookUpType={p}&HospitalId={p}
Master_Suite_API,/master-settings-api/api/v1,POST,/GeneralSettings/SaveCity
Master_Suite_API,/master-settings-api/api/v1,POST,/GeneralSettings/SaveCountry
Master_Suite_API,/master-settings-api/api/v1,POST,/GeneralSettings/SaveEngArabicDict
Master_Suite_API,/master-settings-api/api/v1,POST,/GeneralSettings/SaveGenCard
Master_Suite_API,/master-settings-api/api/v1,POST,/GeneralSettings/SaveState
Master_Suite_API,/master-settings-api/api/v1,GET,/GeneralSettings/Services/{p}?InvCategoryId={p}&HospitalId={p}
Master_Suite_API,/master-settings-api/api/v1,POST,/GeneralSettings/UpdateArabicTranslation
Master_Suite_API,/master-settings-api/api/v1,POST,/GeneralSettings/UpdateCity
Master_Suite_API,/master-settings-api/api/v1,POST,/GeneralSettings/UpdateCountry
Master_Suite_API,/master-settings-api/api/v1,POST,/GeneralSettings/UpdateOrParam
Master_Suite_API,/master-settings-api/api/v1,POST,/GeneralSettings/UpdateRoomTypeFacilities
Master_Suite_API,/master-settings-api/api/v1,POST,/GeneralSettings/UpdateServiceCategory
Master_Suite_API,/master-settings-api/api/v1,POST,/GeneralSettings/UpdateServiceRevenue
Master_Suite_API,/master-settings-api/api/v1,POST,/GeneralSettings/UpdateState
Master_Suite_API,/master-settings-api/api/v1,POST,/GeneralSettings/UpsertAccChrgSplit
Master_Suite_API,/master-settings-api/api/v1,POST,/GeneralSettings/UpsertGenLookUp
Master_Suite_API,/master-settings-api/api/v1,POST,/GeneralSettings/UpsertMachineSetting
Master_Suite_API,/master-settings-api/api/v1,POST,/HL7Master/DeleteChannelModality
Master_Suite_API,/master-settings-api/api/v1,GET,/HL7Master/Getenumllistquery
Master_Suite_API,/master-settings-api/api/v1,POST,/HL7Master/HL7ChannelDelete
Master_Suite_API,/master-settings-api/api/v1,POST,/HL7Master/HL7ChannelEdit
Master_Suite_API,/master-settings-api/api/v1,POST,/HL7Master/HL7ChannelFetch
Master_Suite_API,/master-settings-api/api/v1,POST,/HL7Master/HL7ChannelInsert
Master_Suite_API,/master-settings-api/api/v1,POST,/HL7Master/HL7ChannelUpdate
Master_Suite_API,/master-settings-api/api/v1,POST,/HL7Master/HL7ListenerChannel
Master_Suite_API,/master-settings-api/api/v1,POST,/HL7Master/HL7dtlsChannelDelete
Master_Suite_API,/master-settings-api/api/v1,POST,/HL7Master/InsertChannelModality
Master_Suite_API,/master-settings-api/api/v1,POST,/HL7Master/SelectChannelModality
Master_Suite_API,/master-settings-api/api/v1,POST,/HL7Master/UpdateChannelModality
Master_Suite_API,/master-settings-api/api/v1,DELETE,/InfectionControl/DeleteICGeneralSettings?icGeneralSettingsId={p}
Master_Suite_API,/master-settings-api/api/v1,GET,/InfectionControl/GetICGeneralSettings
Master_Suite_API,/master-settings-api/api/v1,GET,/InfectionControl/GetICServices?Type={p}
Master_Suite_API,/master-settings-api/api/v1,POST,/InfectionControl/GetLookupDetails?LookupTypes={p}
Master_Suite_API,/master-settings-api/api/v1,POST,/InfectionControl/InsertICGeneralSettings
Master_Suite_API,/master-settings-api/api/v1,POST,/InfectionControl/UpdateICGeneralSettings
Master_Suite_API,/master-settings-api/api/v1,POST,/Medispan/DeleteInteractionSettingMasterDtls
Master_Suite_API,/master-settings-api/api/v1,GET,/Medispan/GetDtlsInteractionSettings?mastId={p}
Master_Suite_API,/master-settings-api/api/v1,GET,/Medispan/GetMastInteractionSettings?enteredBy={p}
Master_Suite_API,/master-settings-api/api/v1,POST,/Medispan/SaveInteractionSettingMasterDtls
Master_Suite_API,/master-settings-api/api/v1,POST,/Medispan/UpdateInteractionSettingMasterDtls
Master_Suite_API,/master-settings-api/api/v1,GET,/OR/ApptResourceDetails
Master_Suite_API,/master-settings-api/api/v1,GET,/OR/ApptResources?apptResourceID={p}&hospitalId={p}
Master_Suite_API,/master-settings-api/api/v1,GET,/OR/ApptResources?hospitalId={p}&mode=1&DesigIds={p}
Master_Suite_API,/master-settings-api/api/v1,DELETE,/OR/DeleteParameterChargeSetting?InvOtBillParameterId={p}
Master_Suite_API,/master-settings-api/api/v1,DELETE,/OR/DeleteParameterSetting?otParameterId={p}&otParameterName={p}
Master_Suite_API,/master-settings-api/api/v1,DELETE,/OR/DeleteProviderScheduling?apptResourceTheatreId={p}
Master_Suite_API,/master-settings-api/api/v1,GET,/OR/LoadParameterChargeSetting?HospitalId={p}
Master_Suite_API,/master-settings-api/api/v1,GET,/OR/LookUp?LookUpType={p}
Master_Suite_API,/master-settings-api/api/v1,GET,/OR/LookUp?LookUpType={p}&HospitalId={p}
Master_Suite_API,/master-settings-api/api/v1,GET,/OR/ParameterSettingLoad
Master_Suite_API,/master-settings-api/api/v1,POST,/OR/ResourceSetEditLoad
Master_Suite_API,/master-settings-api/api/v1,POST,/OR/SaveAttendeeSplitUp
Master_Suite_API,/master-settings-api/api/v1,POST,/OR/SaveParameterChargeSetting
Master_Suite_API,/master-settings-api/api/v1,POST,/OR/SaveParameterSetting
Master_Suite_API,/master-settings-api/api/v1,POST,/OR/SaveResourceSet
Master_Suite_API,/master-settings-api/api/v1,POST,/OR/saveProviderScheduling
Master_Suite_API,/master-settings-api/api/v1,DELETE,/Pharmacy/GenericMasterDeleteGenericWithGenericId?genericId={p}
Master_Suite_API,/master-settings-api/api/v1,POST,/Pharmacy/GetDepartmentProviders
Master_Suite_API,/master-settings-api/api/v1,GET,/Pharmacy/GetGenericLookupMasterByGenericId?genericId={p}
Master_Suite_API,/master-settings-api/api/v1,GET,/Pharmacy/GetGenericLookupMasterGenericUsageCheckForDel?genericId={p}
Master_Suite_API,/master-settings-api/api/v1,GET,/Pharmacy/GetIsGenericInValidGenericCombination?genericId={p}
Master_Suite_API,/master-settings-api/api/v1,GET,/Pharmacy/GetNarcoticAndControlledMedicinesMaster
Master_Suite_API,/master-settings-api/api/v1,POST,/Pharmacy/IsMedicineUnitInUse
Master_Suite_API,/master-settings-api/api/v1,POST,/Pharmacy/ItemMaster/Delete
Master_Suite_API,/master-settings-api/api/v1,POST,/Pharmacy/ItemMaster/GetById
Master_Suite_API,/master-settings-api/api/v1,GET,/Pharmacy/ItemMaster/GetConversionList/{p}
Master_Suite_API,/master-settings-api/api/v1,POST,/Pharmacy/ItemMaster/RecommendedDose/Delete
Master_Suite_API,/master-settings-api/api/v1,POST,/Pharmacy/Itemmaster/save
Master_Suite_API,/master-settings-api/api/v1,POST,/Pharmacy/SaveEmrNarcoticAndControlledMedicinesMaster
Master_Suite_API,/master-settings-api/api/v1,POST,/Pharmacy/SaveGenericMaster
Master_Suite_API,/master-settings-api/api/v1,GET,/Scheme/Buyer/BuyerPlanPageload
Master_Suite_API,/master-settings-api/api/v1,GET,/Scheme/Buyer/GetBuyerNetworkClass?IncoMastContractId={p}
Master_Suite_API,/master-settings-api/api/v1,GET,/Scheme/Buyer/GetBuyerPlan?IncoMastContractId={p}
Master_Suite_API,/master-settings-api/api/v1,POST,/Scheme/Buyer/GetBuyerPlanDtlsById
Master_Suite_API,/master-settings-api/api/v1,POST,/Scheme/Buyer/GetPlanByClassId
Master_Suite_API,/master-settings-api/api/v1,POST,/Scheme/Buyer/SaveBuyerPlanCopy
Master_Suite_API,/master-settings-api/api/v1,POST,/Scheme/Buyer/SaveCopyCustomPlanBuyer
Master_Suite_API,/master-settings-api/api/v1,POST,/Scheme/CopyContractSave
Master_Suite_API,/master-settings-api/api/v1,GET,/Scheme/DiscLimitCompanyDtlsPageLoad
Master_Suite_API,/master-settings-api/api/v1,GET,/Scheme/GetContractDetails?HospitalId={p}
Master_Suite_API,/master-settings-api/api/v1,POST,/Scheme/GetCopayDeductDetails
Master_Suite_API,/master-settings-api/api/v1,POST,/Scheme/GetCopayDeductHistory
Master_Suite_API,/master-settings-api/api/v1,POST,/Scheme/GetCopayDeductValidation
Master_Suite_API,/master-settings-api/api/v1,GET,/Scheme/GetDefaultPayingParty
Master_Suite_API,/master-settings-api/api/v1,POST,/Scheme/GetDiscLimitCompanyDtls
Master_Suite_API,/master-settings-api/api/v1,POST,/Scheme/GetExclusionChangeHistory
Master_Suite_API,/master-settings-api/api/v1,POST,/Scheme/GetExclusionData
Master_Suite_API,/master-settings-api/api/v1,GET,/Scheme/GetExclusionPageLoad?hospitalId={p}
Master_Suite_API,/master-settings-api/api/v1,POST,/Scheme/GetGroupForExclusion
Master_Suite_API,/master-settings-api/api/v1,POST,/Scheme/GetIncoDtlsSchemeDetails
Master_Suite_API,/master-settings-api/api/v1,GET,/Scheme/GetIncoMastContractDetails?IncoMastContractId={p}
Master_Suite_API,/master-settings-api/api/v1,POST,/Scheme/GetMSTTariffLimitDetails
Master_Suite_API,/master-settings-api/api/v1,GET,/Scheme/GetPackageDiscPageLoad
Master_Suite_API,/master-settings-api/api/v1,POST,/Scheme/GetRuleType
Master_Suite_API,/master-settings-api/api/v1,POST,/Scheme/GetSchemeEditById
Master_Suite_API,/master-settings-api/api/v1,POST,/Scheme/GetSchemePageLoadDetails
Master_Suite_API,/master-settings-api/api/v1,POST,/Scheme/GetSchemeSearchResultByName
Master_Suite_API,/master-settings-api/api/v1,POST,/Scheme/GetSchemeValidation
Master_Suite_API,/master-settings-api/api/v1,GET,/Scheme/GetTariffDtlsOnCategoryId?IncoInvCategoryId={p}
Master_Suite_API,/master-settings-api/api/v1,GET,/Scheme/GetTariffHistoryDetails?IncoDtlstariffId={p}
Master_Suite_API,/master-settings-api/api/v1,POST,/Scheme/GetTariffRuleHistory
Master_Suite_API,/master-settings-api/api/v1,POST,/Scheme/GetTariffRules
Master_Suite_API,/master-settings-api/api/v1,POST,/Scheme/SaveContractClass
Master_Suite_API,/master-settings-api/api/v1,POST,/Scheme/SaveCopayDeductible
Master_Suite_API,/master-settings-api/api/v1,POST,/Scheme/SaveCopyNetworkOrPlan
Master_Suite_API,/master-settings-api/api/v1,POST,/Scheme/SaveExclusion
Master_Suite_API,/master-settings-api/api/v1,POST,/Scheme/SaveNetwork
Master_Suite_API,/master-settings-api/api/v1,POST,/Scheme/SaveSchemeMaster
Master_Suite_API,/master-settings-api/api/v1,POST,/Scheme/SaveSchemePlan
Master_Suite_API,/master-settings-api/api/v1,POST,/Scheme/SaveTariff
Master_Suite_API,/master-settings-api/api/v1,POST,/Scheme/SaveTariffRules
Master_Suite_API,/master-settings-api/api/v1,POST,/Scheme/TariffSaveValidate
Master_Suite_API,/master-settings-api/api/v1,POST,/Scheme/getBedClass
Master_Suite_API,/master-settings-api/api/v1,POST,/Service/BaseCategory/ByEmp
Master_Suite_API,/master-settings-api/api/v1,POST,/Service/CategoryValidations
Master_Suite_API,/master-settings-api/api/v1,POST,/Service/ChildCategory/List
Master_Suite_API,/master-settings-api/api/v1,POST,/Service/DeleteMachineResultValidation
Master_Suite_API,/master-settings-api/api/v1,POST,/Service/DeleteMachineTest
Master_Suite_API,/master-settings-api/api/v1,POST,/Service/DeleteMachineTestMapping
Master_Suite_API,/master-settings-api/api/v1,POST,/Service/FetchAttendeeEmployee
Master_Suite_API,/master-settings-api/api/v1,POST,/Service/FetchAttendeeSetDetails
Master_Suite_API,/master-settings-api/api/v1,GET,/Service/FetchPreferenceCard
Master_Suite_API,/master-settings-api/api/v1,POST,/Service/FetchPreferenceCardDtls
Master_Suite_API,/master-settings-api/api/v1,POST,/Service/FetchRegistrationType
Master_Suite_API,/master-settings-api/api/v1,GET,/Service/Generic/List
Master_Suite_API,/master-settings-api/api/v1,POST,/Service/GetAdtMastRoomCharge
Master_Suite_API,/master-settings-api/api/v1,GET,/Service/GetAllIcdOrderSetList
Master_Suite_API,/master-settings-api/api/v1,POST,/Service/GetAntibioticMapping
Master_Suite_API,/master-settings-api/api/v1,POST,/Service/GetAssociatedServiceCount
Master_Suite_API,/master-settings-api/api/v1,POST,/Service/GetAssociationBaseCategory
Master_Suite_API,/master-settings-api/api/v1,GET,/Service/GetBrand/List
Master_Suite_API,/master-settings-api/api/v1,GET,/Service/GetBrandData
Master_Suite_API,/master-settings-api/api/v1,POST,/Service/GetConsultCategoryList
Master_Suite_API,/master-settings-api/api/v1,GET,/Service/GetContainerStatus?GenLookupId={p}
Master_Suite_API,/master-settings-api/api/v1,POST,/Service/GetCultureMapping
Master_Suite_API,/master-settings-api/api/v1,POST,/Service/GetDSSWebLink
Master_Suite_API,/master-settings-api/api/v1,POST,/Service/GetDepartment/List
Master_Suite_API,/master-settings-api/api/v1,GET,/Service/GetDoctorEmployee
Master_Suite_API,/master-settings-api/api/v1,POST,/Service/GetEmrTemplate
Master_Suite_API,/master-settings-api/api/v1,POST,/Service/GetEmrTestTemplate
Master_Suite_API,/master-settings-api/api/v1,POST,/Service/GetExternalLabList
Master_Suite_API,/master-settings-api/api/v1,GET,/Service/GetExternalLabs
Master_Suite_API,/master-settings-api/api/v1,GET,/Service/GetFacility
Master_Suite_API,/master-settings-api/api/v1,GET,/Service/GetGeneric/List
Master_Suite_API,/master-settings-api/api/v1,POST,/Service/GetGenericItem
Master_Suite_API,/master-settings-api/api/v1,GET,/Service/GetGenericLookup
Master_Suite_API,/master-settings-api/api/v1,GET,/Service/GetIcdList
Master_Suite_API,/master-settings-api/api/v1,GET,/Service/GetIcdOrderset
Master_Suite_API,/master-settings-api/api/v1,GET,/Service/GetImmunizationLookup
Master_Suite_API,/master-settings-api/api/v1,POST,/Service/GetInteractionServices
Master_Suite_API,/master-settings-api/api/v1,GET,/Service/GetInvestigationData
Master_Suite_API,/master-settings-api/api/v1,POST,/Service/GetItemAssociation
Master_Suite_API,/master-settings-api/api/v1,GET,/Service/GetLaboratoryContainers
Master_Suite_API,/master-settings-api/api/v1,GET,/Service/GetLocation
Master_Suite_API,/master-settings-api/api/v1,POST,/Service/GetMachineDetails
Master_Suite_API,/master-settings-api/api/v1,POST,/Service/GetMachineMasterDetails
Master_Suite_API,/master-settings-api/api/v1,POST,/Service/GetMachineSpecimenCode
Master_Suite_API,/master-settings-api/api/v1,POST,/Service/GetMachineTestMapping
Master_Suite_API,/master-settings-api/api/v1,POST,/Service/GetMachineTestResultValidation
Master_Suite_API,/master-settings-api/api/v1,POST,/Service/GetOP/Ip/PkgServiceList
Master_Suite_API,/master-settings-api/api/v1,POST,/Service/GetOROrderset
Master_Suite_API,/master-settings-api/api/v1,POST,/Service/GetOrParameterList
Master_Suite_API,/master-settings-api/api/v1,GET,/Service/GetOrParameterServiceList
Master_Suite_API,/master-settings-api/api/v1,GET,/Service/GetOrServiceNameList
Master_Suite_API,/master-settings-api/api/v1,POST,/Service/GetOrganismMapping
Master_Suite_API,/master-settings-api/api/v1,POST,/Service/GetOtherResourceList
Master_Suite_API,/master-settings-api/api/v1,POST,/Service/GetPackage/ServiceList
Master_Suite_API,/master-settings-api/api/v1,POST,/Service/GetPkgCategoryList
Master_Suite_API,/master-settings-api/api/v1,POST,/Service/GetPkgGroupDtlsItem
Master_Suite_API,/master-settings-api/api/v1,GET,/Service/GetPkgMastGroupList
Master_Suite_API,/master-settings-api/api/v1,POST,/Service/GetPkgServiceLimit
Master_Suite_API,/master-settings-api/api/v1,GET,/Service/GetPreferenceCardDetails
Master_Suite_API,/master-settings-api/api/v1,GET,/Service/GetPreferenceCardMaster
Master_Suite_API,/master-settings-api/api/v1,POST,/Service/GetRangeParameterDetails
Master_Suite_API,/master-settings-api/api/v1,POST,/Service/GetRelatedClinicalService
Master_Suite_API,/master-settings-api/api/v1,POST,/Service/GetRoomList
Master_Suite_API,/master-settings-api/api/v1,POST,/Service/GetRoomTypeId
Master_Suite_API,/master-settings-api/api/v1,POST,/Service/GetRoomchargeFacilityList
Master_Suite_API,/master-settings-api/api/v1,POST,/Service/GetServiceProfile
Master_Suite_API,/master-settings-api/api/v1,POST,/Service/GetServiceValidation
Master_Suite_API,/master-settings-api/api/v1,POST,/Service/GetSpecimenDetails
Master_Suite_API,/master-settings-api/api/v1,POST,/Service/GetSuregryMappedPackageExisit
Master_Suite_API,/master-settings-api/api/v1,POST,/Service/GetTestMethods
Master_Suite_API,/master-settings-api/api/v1,GET,/Service/GetTestSpecimen?invMastServiceId={p}
Master_Suite_API,/master-settings-api/api/v1,GET,/Service/GetallPackage/List
Master_Suite_API,/master-settings-api/api/v1,POST,/Service/IcdOrderSet/Delete
Master_Suite_API,/master-settings-api/api/v1,POST,/Service/IcdOrderSet/Save
Master_Suite_API,/master-settings-api/api/v1,POST,/Service/MachineTestDetails
Master_Suite_API,/master-settings-api/api/v1,GET,/Service/PackageGroup/PackageGroupSearch?PkgMastItemGroupId={p}
Master_Suite_API,/master-settings-api/api/v1,POST,/Service/PackageGroup/SaveUpdtaeDeletePackageGroup
Master_Suite_API,/master-settings-api/api/v1,POST,/Service/ResourceCategory/List
Master_Suite_API,/master-settings-api/api/v1,POST,/Service/SaveDSSWebLink
Master_Suite_API,/master-settings-api/api/v1,POST,/Service/SaveLaboratoryContainer
Master_Suite_API,/master-settings-api/api/v1,POST,/Service/SaveMachineMasterDetails
Master_Suite_API,/master-settings-api/api/v1,GET,/Service/ServiceCategory/Enum
Master_Suite_API,/master-settings-api/api/v1,GET,/Service/ServiceCategory/List
Master_Suite_API,/master-settings-api/api/v1,POST,/Service/ServiceCategory/Save
Master_Suite_API,/master-settings-api/api/v1,POST,/Service/ServiceCharge/List
Master_Suite_API,/master-settings-api/api/v1,POST,/Service/ServiceMaster/Delete
Master_Suite_API,/master-settings-api/api/v1,POST,/Service/ServiceMaster/EditList
Master_Suite_API,/master-settings-api/api/v1,POST,/Service/ServiceMaster/Save
Master_Suite_API,/master-settings-api/api/v1,POST,/Service/ServiceParameter/List
Master_Suite_API,/master-settings-api/api/v1,POST,/Service/ServiceParameter/Save
Master_Suite_API,/master-settings-api/api/v1,GET,/ServiceGroup/CheckServicesCount?incoInvCategoryId={p}&invMastServiceId={p}
Master_Suite_API,/master-settings-api/api/v1,GET,/ServiceGroup/GetBaseCategory?serviceType={p}
Master_Suite_API,/master-settings-api/api/v1,GET,/ServiceGroup/GetContractDetails?incoInvCategoryId={p}&hospitalId={p}
Master_Suite_API,/master-settings-api/api/v1,GET,/ServiceGroup/GetGroupDetails?invMastServiceId={p}&isInclude={p}
Master_Suite_API,/master-settings-api/api/v1,GET,/ServiceGroup/GetInitialData
Master_Suite_API,/master-settings-api/api/v1,GET,/ServiceGroup/GetServiceCategory?serviceType={p}&RootInvCategoryId={p}
Master_Suite_API,/master-settings-api/api/v1,POST,/ServiceGroup/GetServiceDetails
Master_Suite_API,/master-settings-api/api/v1,GET,/ServiceGroup/GetServiceGroup
Master_Suite_API,/master-settings-api/api/v1,GET,/ServiceGroup/GetServiceGroupDetails?IncoInvCategoryId={p}
Master_Suite_API,/master-settings-api/api/v1,POST,/ServiceGroup/GetServices
Master_Suite_API,/master-settings-api/api/v1,POST,/ServiceGroup/GetServicesUsingExcel
Master_Suite_API,/master-settings-api/api/v1,POST,/ServiceGroup/SaveGroupDetails
Master_Suite_API,/master-settings-api/api/v1,POST,/ServiceGroup/SaveServiceGroup
Master_Suite_API,/master-settings-api/api/v1,GET,/Settings/App/{p}
Master_Suite_API,/master-settings-api/api/v1,GET,/pharmacy/GetGenericLookupMaster
Master_Suite_API,/master-settings-api/api/v1,GET,/pharmacy/GetItemMasterGenerics?materialtype={p}
Master_Suite_API,/master-settings-api/api/v1,POST,/pharmacy/GetItemMasterLookups
Master_Suite_API,/master-settings-api/api/v1,POST,/pharmacy/GetMedicines
Master_Suite_API,/master-settings-api/api/v1,GET,/pharmacy/GetPhInvCategories
EMR_API,/emr-api/api/v1,POST,/ADT/ErBedAllocation/Patients
EMR_API,/emr-api/api/v1,POST,/AllergyClinicalWarning/Allergy
EMR_API,/emr-api/api/v1,GET,/AllergyClinicalWarning/DrugAllergyType/List
EMR_API,/emr-api/api/v1,POST,/AllergyClinicalWarning/Patient/Warning/Reactions/List
EMR_API,/emr-api/api/v1,POST,/AllergyClinicalWarning/Warning/Log
EMR_API,/emr-api/api/v1,POST,/Bundle/Bundle/List
EMR_API,/emr-api/api/v1,GET,/Bundle/PackageRemark/Delete?EmrPatDtlScrId={p}
EMR_API,/emr-api/api/v1,POST,/Bundle/PackageRemarks/Insert
EMR_API,/emr-api/api/v1,POST,/Bundle/PackageRemarks/List
EMR_API,/emr-api/api/v1,POST,/CPOE/AddServiceToList
EMR_API,/emr-api/api/v1,GET,/CPOE/Category
EMR_API,/emr-api/api/v1,POST,/CPOE/ClinicalInstruction
EMR_API,/emr-api/api/v1,POST,/CPOE/CpoeResult
EMR_API,/emr-api/api/v1,POST,/CPOE/CpoeServiceCache
EMR_API,/emr-api/api/v1,POST,/CPOE/GetBloodComponentServices
EMR_API,/emr-api/api/v1,POST,/CPOE/HoldDiscLog
EMR_API,/emr-api/api/v1,POST,/CPOE/IsRootCategoryHasPrivilage
EMR_API,/emr-api/api/v1,POST,/CPOE/OrderSet
EMR_API,/emr-api/api/v1,POST,/CPOE/OrderToListValidation
EMR_API,/emr-api/api/v1,GET,/CPOE/ProfileService
EMR_API,/emr-api/api/v1,POST,/CPOEAdmin/AdminCategory
EMR_API,/emr-api/api/v1,GET,/CPOEAdmin/AdminStatusLog?EmrPatDtlsInvOrderId={p}
EMR_API,/emr-api/api/v1,POST,/CPOEAdmin/AdminStatusUpdate
EMR_API,/emr-api/api/v1,POST,/CPOEAdmin/AdministrationStatus
EMR_API,/emr-api/api/v1,POST,/CPOEAdmin/BloodAdmin/CheckList
EMR_API,/emr-api/api/v1,GET,/CPOEAdmin/BloodAdmin/CheckList/Log?MRNO={p}&EmrPatOtCheckListId={p}
EMR_API,/emr-api/api/v1,POST,/CPOEAdmin/BloodAdmin/Surgery
EMR_API,/emr-api/api/v1,GET,/CPOEAdmin/BloodAdmin/TransfusionStatus
EMR_API,/emr-api/api/v1,POST,/CPOEAdmin/BloodAdmin/TransfusionStatus/list
EMR_API,/emr-api/api/v1,GET,/CPOEAdmin/BloodAdmin/User/List?UserId={p}&HospitalId={p}
EMR_API,/emr-api/api/v1,POST,/CPOEAdmin/BloodAdmin/VerifyNurse
EMR_API,/emr-api/api/v1,GET,/CPOEAdmin/BloodAdmin/VitalMes/Log?EmrBloodAdminId={p}
EMR_API,/emr-api/api/v1,POST,/CPOEAdmin/BloodAdminstration/List
EMR_API,/emr-api/api/v1,POST,/CPOEAdmin/FetchInstructionOrderDetails
EMR_API,/emr-api/api/v1,POST,/CPOEAdmin/FetchNursingInterventionDetails
EMR_API,/emr-api/api/v1,POST,/CPOEAdmin/FetchRoomingInForm
EMR_API,/emr-api/api/v1,GET,/CPOEAdmin/FetchRoomingInFormLog?EmrPatRoomInFormId={p}
EMR_API,/emr-api/api/v1,POST,/CPOEAdmin/IVMedcine/Insertupdate
EMR_API,/emr-api/api/v1,DELETE,/CPOEAdmin/IVMedcine/Remove?EmrPhIntakeId={p}
EMR_API,/emr-api/api/v1,POST,/CPOEAdmin/ImmunizationChart/List
EMR_API,/emr-api/api/v1,POST,/CPOEAdmin/ImmunizationChart/LogDetails
EMR_API,/emr-api/api/v1,POST,/CPOEAdmin/ImmunizationChart/Save
EMR_API,/emr-api/api/v1,POST,/CPOEAdmin/InsertNursingIntervention
EMR_API,/emr-api/api/v1,POST,/CPOEAdmin/IntakeOuput/IVMedcine/Detail
EMR_API,/emr-api/api/v1,POST,/CPOEAdmin/IntakeOutput
EMR_API,/emr-api/api/v1,POST,/CPOEAdmin/IntakeOutput/Hour/Detail
EMR_API,/emr-api/api/v1,POST,/CPOEAdmin/IntakeOutput/InfusionPumpDetails
EMR_API,/emr-api/api/v1,POST,/CPOEAdmin/IntakeOutput/Log
EMR_API,/emr-api/api/v1,POST,/CPOEAdmin/IntakeOutput/SaveDrainName
EMR_API,/emr-api/api/v1,POST,/CPOEAdmin/MilkAdmin/FeedDetail
EMR_API,/emr-api/api/v1,POST,/CPOEAdmin/MilkAdmin/List
EMR_API,/emr-api/api/v1,POST,/CPOEAdmin/MilkAdmin/Log
EMR_API,/emr-api/api/v1,POST,/CPOEAdmin/MilkAdmin/SaveEditDelete
EMR_API,/emr-api/api/v1,POST,/CPOEAdmin/PatientVerify/Log
EMR_API,/emr-api/api/v1,POST,/CPOEAdmin/PreviousBloodAdministration
EMR_API,/emr-api/api/v1,POST,/CPOEAdmin/Reaction/List
EMR_API,/emr-api/api/v1,POST,/CPOEAdmin/Save
EMR_API,/emr-api/api/v1,POST,/CPOEAdmin/SaveRoomingInForm
EMR_API,/emr-api/api/v1,POST,/CPOEAdmin/Service/Validate/BillRequired
EMR_API,/emr-api/api/v1,POST,/CPOEAdmin/ServiceOrder
EMR_API,/emr-api/api/v1,GET,/CPOEAdmin/ServiceOrder/MultiAdminstration/List?EmrPatDtlsInvOrderId={p}
EMR_API,/emr-api/api/v1,POST,/CPOEAdmin/ServiceOrder/MultiAdminstration/Save
EMR_API,/emr-api/api/v1,GET,/CPOEAdmin/ServiceOrder/Multiadminstration/Log?EmrPatDtlsCpoeAdminId={p}
EMR_API,/emr-api/api/v1,POST,/CPOEAdmin/Transfusion/Log
EMR_API,/emr-api/api/v1,POST,/CPOEAdmin/Transfusion/Validate
EMR_API,/emr-api/api/v1,GET,/CPOEAdmin/VitalSign
EMR_API,/emr-api/api/v1,GET,/CPOEAdmin/VitalSignData?EmrPatBloodAdminId={p}
EMR_API,/emr-api/api/v1,GET,/Clinicalreport/Category
EMR_API,/emr-api/api/v1,POST,/Clinicalreport/DiabeticInfusion
EMR_API,/emr-api/api/v1,POST,/Clinicalreport/DiabeticSubcutaneous
EMR_API,/emr-api/api/v1,POST,/Clinicalreport/Laboratory
EMR_API,/emr-api/api/v1,POST,/Clinicalreport/Medicine
EMR_API,/emr-api/api/v1,POST,/Clinicalreport/Vitals
EMR_API,/emr-api/api/v1,POST,/Diagnosis/Details
EMR_API,/emr-api/api/v1,POST,/Diagnosis/FetchDiagnosisValidation
EMR_API,/emr-api/api/v1,POST,/Diagnosis/FetchDischargeRecommendationDetails
EMR_API,/emr-api/api/v1,GET,/Diagnosis/FetchPatDiagnosisByPatFinEncounter?PatFinEncounterId={p}\n      &EmrProviderVisitId={p}&ReconciliationType={p}
EMR_API,/emr-api/api/v1,POST,/Diagnosis/FetchPatientAdmissionDepDetails
EMR_API,/emr-api/api/v1,POST,/Diagnosis/FetchPatientAdmissionDetails
EMR_API,/emr-api/api/v1,POST,/Diagnosis/FetchPatientAdmissionEmpDetails
EMR_API,/emr-api/api/v1,GET,/Diagnosis/GetActiveDiagnosis/{p}/{p}
EMR_API,/emr-api/api/v1,POST,/Diagnosis/GetAll
EMR_API,/emr-api/api/v1,POST,/Diagnosis/Mast
EMR_API,/emr-api/api/v1,GET,/Diagnosis/Patient/Master
EMR_API,/emr-api/api/v1,GET,/Diagnosis/Patient/{p}?PatFinEncounterId={p}
EMR_API,/emr-api/api/v1,POST,/Diagnosis/PatientProblemlist
EMR_API,/emr-api/api/v1,POST,/Diagnosis/PatientProblemlistLog
EMR_API,/emr-api/api/v1,POST,/Diagnosis/SaveIcdReconciliation
EMR_API,/emr-api/api/v1,POST,/Diagnosis/WebLink
EMR_API,/emr-api/api/v1,PUT,/Diagnosis/problemlist/update
EMR_API,/emr-api/api/v1,POST,/EMR/Allergies/ClinicalWarnings
EMR_API,/emr-api/api/v1,POST,/EMR/BirthNote/List
EMR_API,/emr-api/api/v1,POST,/EMR/ChilddevelopmentChartData
EMR_API,/emr-api/api/v1,POST,/EMR/ComplexCareDetails
EMR_API,/emr-api/api/v1,POST,/EMR/CreateAssignBundle
EMR_API,/emr-api/api/v1,POST,/EMR/CreateDoctorsCharts
EMR_API,/emr-api/api/v1,DELETE,/EMR/DoctorsChartsDelete?ChartName={p}&UserId={p}
EMR_API,/emr-api/api/v1,POST,/EMR/EWS
EMR_API,/emr-api/api/v1,POST,/EMR/EmrAccessibilityLog
EMR_API,/emr-api/api/v1,GET,/EMR/EmrOrdersBaseCat
EMR_API,/emr-api/api/v1,POST,/EMR/EmrServicebyBaseCategoryID
EMR_API,/emr-api/api/v1,POST,/EMR/EwsActionTaken/Vitals/Create
EMR_API,/emr-api/api/v1,POST,/EMR/FetchAllEmployee
EMR_API,/emr-api/api/v1,GET,/EMR/FetchBirthNoteMotherDetails?Mrno={p}
EMR_API,/emr-api/api/v1,POST,/EMR/FetchBundleDueList
EMR_API,/emr-api/api/v1,POST,/EMR/FetchBundlePackageDtls
EMR_API,/emr-api/api/v1,GET,/EMR/FetchBundleServicePackage?mrno={p}
EMR_API,/emr-api/api/v1,POST,/EMR/FetchChiefComplaintAndIcd
EMR_API,/emr-api/api/v1,POST,/EMR/FetchChiefComplaintDtls
EMR_API,/emr-api/api/v1,POST,/EMR/FetchDoctorsChartSubService
EMR_API,/emr-api/api/v1,POST,/EMR/FetchDoctorsCharts
EMR_API,/emr-api/api/v1,POST,/EMR/FetchDoctorsChartsDetails
EMR_API,/emr-api/api/v1,POST,/EMR/FetchDoctorsChartsServiceType
EMR_API,/emr-api/api/v1,POST,/EMR/FetchEmrOrders
EMR_API,/emr-api/api/v1,POST,/EMR/FetchEmrOrdersCategory
EMR_API,/emr-api/api/v1,POST,/EMR/FetchExtraFeeMode
EMR_API,/emr-api/api/v1,GET,/EMR/FetchFollowupCall
EMR_API,/emr-api/api/v1,POST,/EMR/FetchFollowupPatientDetails
EMR_API,/emr-api/api/v1,POST,/EMR/FetchISmartLegacyUrl
EMR_API,/emr-api/api/v1,POST,/EMR/FetchRadiologyDetails
EMR_API,/emr-api/api/v1,POST,/EMR/FetchRadiologyImage
EMR_API,/emr-api/api/v1,POST,/EMR/FetchRadiologyPdf
EMR_API,/emr-api/api/v1,POST,/EMR/FetchRadiologyReport
EMR_API,/emr-api/api/v1,POST,/EMR/FetchServiceDueList
EMR_API,/emr-api/api/v1,POST,/EMR/FetchSuggestedServices
EMR_API,/emr-api/api/v1,POST,/EMR/ICD
EMR_API,/emr-api/api/v1,POST,/EMR/InsertionDetails
EMR_API,/emr-api/api/v1,POST,/EMR/MileStoneAge
EMR_API,/emr-api/api/v1,POST,/EMR/OrderSetByICD
EMR_API,/emr-api/api/v1,POST,/EMR/ReferralProviderFetch
EMR_API,/emr-api/api/v1,POST,/EMR/SepsisScore
EMR_API,/emr-api/api/v1,POST,/EMR/SmartNoteSuggestions
EMR_API,/emr-api/api/v1,POST,/EMR/SurgicalProcedures
EMR_API,/emr-api/api/v1,POST,/EMR/TotalEwsScore
EMR_API,/emr-api/api/v1,POST,/EMR/TotalSepsisScore
EMR_API,/emr-api/api/v1,PUT,/EMR/Update
EMR_API,/emr-api/api/v1,PUT,/EMR/UpdateDrugAllergy
EMR_API,/emr-api/api/v1,PUT,/EMR/UpdateERBedAllocation
EMR_API,/emr-api/api/v1,PUT,/EMR/UpdateFollowupStatus
EMR_API,/emr-api/api/v1,PUT,/EMR/UpdateReferringOrg
EMR_API,/emr-api/api/v1,POST,/EMR/VirtualConsultationLink
EMR_API,/emr-api/api/v1,POST,/EMR/fetchChiefComplaintIcd
EMR_API,/emr-api/api/v1,GET,/EMRLookUp/Generic
EMR_API,/emr-api/api/v1,POST,/EMRLookUp/LookupType
EMR_API,/emr-api/api/v1,POST,/EMRMenu/AuthorizedEmployees
EMR_API,/emr-api/api/v1,POST,/EMRMenu/AvaliableSmartNotes/byFieldId
EMR_API,/emr-api/api/v1,POST,/EMRMenu/ConsumableUnit/List
EMR_API,/emr-api/api/v1,GET,/EMRMenu/Departments/All?hospitalId={p}
EMR_API,/emr-api/api/v1,GET,/EMRMenu/Employees/All
EMR_API,/emr-api/api/v1,GET,/EMRMenu/EmrTemplates
EMR_API,/emr-api/api/v1,GET,/EMRMenu/Fields
EMR_API,/emr-api/api/v1,GET,/EMRMenu/Fields/ByTemplate?emrTemplateId={p}
EMR_API,/emr-api/api/v1,POST,/EMRMenu/Medicines
EMR_API,/emr-api/api/v1,POST,/EMRMenu/MilkCollection/List
EMR_API,/emr-api/api/v1,POST,/EMRMenu/MilkCollection/Log
EMR_API,/emr-api/api/v1,POST,/EMRMenu/MilkCollection/Save
EMR_API,/emr-api/api/v1,PUT,/EMRMenu/Note/Edit
EMR_API,/emr-api/api/v1,POST,/EMRMenu/Notes/Remove
EMR_API,/emr-api/api/v1,POST,/EMRMenu/Notes/Save
EMR_API,/emr-api/api/v1,POST,/EMRMenu/ORList
EMR_API,/emr-api/api/v1,POST,/EMRMenu/ORList/Edit
EMR_API,/emr-api/api/v1,POST,/EMRMenu/ORList/Save
EMR_API,/emr-api/api/v1,POST,/EMRMenu/ORList/SurgeryStatus
EMR_API,/emr-api/api/v1,POST,/EMRMenu/PhysicalDischargeCancelPatientList
EMR_API,/emr-api/api/v1,PUT,/EMRMenu/PhysicalDischargeCancelProcess
EMR_API,/emr-api/api/v1,GET,/EMRMenu/RecommendDoseMaster/Route/List
EMR_API,/emr-api/api/v1,POST,/EMRMenu/SaveAuthorizedEmployees
EMR_API,/emr-api/api/v1,GET,/EMRMenu/TemplateByFieldId?fieldId={p}
EMR_API,/emr-api/api/v1,POST,/EMRMenu/ViewDiagnosisDetails
EMR_API,/emr-api/api/v1,POST,/Emr/ICD
EMR_API,/emr-api/api/v1,POST,/EmrHome/EmployeeEmrQuickLinks
EMR_API,/emr-api/api/v1,POST,/Favourite/CheckByID
EMR_API,/emr-api/api/v1,POST,/Favourite/Insert
EMR_API,/emr-api/api/v1,POST,/Favourite/List
EMR_API,/emr-api/api/v1,DELETE,/Favourite/{p}
EMR_API,/emr-api/api/v1,POST,/HandOff/FetchChecklistFlowDocDetails
EMR_API,/emr-api/api/v1,GET,/HandOff/FetchEmpoyees?UserId={p}&HospitalId={p}
EMR_API,/emr-api/api/v1,POST,/HandOff/FetchHandOffDetails
EMR_API,/emr-api/api/v1,POST,/HandOff/FetchHandOffFieldsDetails
EMR_API,/emr-api/api/v1,GET,/History/History?MRNO={p}
EMR_API,/emr-api/api/v1,GET,/History/History?MRNO={p}&EmrProviderVisitId={p}&PatFinEncounterId={p}
EMR_API,/emr-api/api/v1,POST,/History/Patient/DtlsHistory
EMR_API,/emr-api/api/v1,POST,/History/Patient/SocialHistory
EMR_API,/emr-api/api/v1,POST,/Medicine/Summary
EMR_API,/emr-api/api/v1,POST,/NurseCarePlan/Fetch
EMR_API,/emr-api/api/v1,POST,/NurseCarePlan/List
EMR_API,/emr-api/api/v1,GET,/NurseCarePlan/ReviewLog?EmrPatCarePlanId={p}
EMR_API,/emr-api/api/v1,POST,/NurseCarePlan/ReviewTime/Save
EMR_API,/emr-api/api/v1,POST,/NurseCarePlan/nurse-careplan/inactive-templates
EMR_API,/emr-api/api/v1,POST,/NurseProgressNotes/FetchChecklistDetails
EMR_API,/emr-api/api/v1,POST,/Patient/ComplexCareDetails
EMR_API,/emr-api/api/v1,POST,/PeriOperativeRecords/CheckListLog
EMR_API,/emr-api/api/v1,GET,/PeriOperativeRecords/LoadIntraOperativeMedication
EMR_API,/emr-api/api/v1,POST,/PeriOperativeRecords/LoadIntraOperativeMedication/Forms
EMR_API,/emr-api/api/v1,POST,/PeriOperativeRecords/MedicineLogView
EMR_API,/emr-api/api/v1,POST,/PeriOperativeRecords/OTCheckList
EMR_API,/emr-api/api/v1,POST,/PeriOperativeRecords/PreOpMedicines/HtmlPreview
EMR_API,/emr-api/api/v1,POST,/PeriOperativeRecords/ScheduleDetailsById
EMR_API,/emr-api/api/v1,POST,/PeriOperativeRecords/ScheduleList
EMR_API,/emr-api/api/v1,GET,/Pharmacy/DispatchStatus
EMR_API,/emr-api/api/v1,POST,/Pharmacy/DispatchTime
EMR_API,/emr-api/api/v1,POST,/Pharmacy/MedicineTracking
EMR_API,/emr-api/api/v1,POST,/Pharmacy/MedicineTracking/AcceptAll
EMR_API,/emr-api/api/v1,POST,/Pharmacy/MedicineTracking/Save
EMR_API,/emr-api/api/v1,GET,/Pharmacy/MedicineTrackingLog?PhDtlsMedicineTrackingId={p}
EMR_API,/emr-api/api/v1,GET,/Pharmacy/NursingLocations?hospitalId= {p}
EMR_API,/emr-api/api/v1,GET,/ReferralHandOver/GenLookUp/List?LookUpType={p}&HospitalId={p}
EMR_API,/emr-api/api/v1,POST,/ReferralHandOver/GetReferredToProvider
EMR_API,/emr-api/api/v1,POST,/ReferralHandOver/HandOver/AcceptOrReject
EMR_API,/emr-api/api/v1,POST,/ReferralHandOver/PageData
EMR_API,/emr-api/api/v1,GET,/ReferralHandOver/PageLoad/List?HospitalId={p}&LookUpType=Time%20Frame&UserId={p}
EMR_API,/emr-api/api/v1,POST,/ReferralHandOver/RefIconBannerDtls
EMR_API,/emr-api/api/v1,POST,/ReferralHandOver/ReferralApproveOrReject
EMR_API,/emr-api/api/v1,POST,/ReferralHandOver/ReferralDetails/Referenceid
EMR_API,/emr-api/api/v1,POST,/Visits/Addendum/List
EMR_API,/emr-api/api/v1,DELETE,/Visits/Addendum/Remove?emrPatAddendumId={p}
EMR_API,/emr-api/api/v1,POST,/Visits/Addendum/Save
EMR_API,/emr-api/api/v1,PUT,/Visits/Addendum/Update
EMR_API,/emr-api/api/v1,POST,/Visits/CarePlan/Template
EMR_API,/emr-api/api/v1,POST,/Visits/CounterSign/List
EMR_API,/emr-api/api/v1,POST,/Visits/CounterSign/Save
EMR_API,/emr-api/api/v1,POST,/Visits/EWSActionTaken/List
EMR_API,/emr-api/api/v1,POST,/Visits/List
EMR_API,/emr-api/api/v1,POST,/VitalSign/ApacheLog
EMR_API,/emr-api/api/v1,POST,/VitalSign/ApacheScore
EMR_API,/emr-api/api/v1,POST,/VitalSign/ApacheScore/List
EMR_API,/emr-api/api/v1,POST,/VitalSign/Create
EMR_API,/emr-api/api/v1,POST,/VitalSign/Diluent
EMR_API,/emr-api/api/v1,GET,/VitalSign/GrowthChart/Axis?EmrPatMastGrowthChartId={p}
EMR_API,/emr-api/api/v1,POST,/VitalSign/GrowthChart/SeriesPercentile
EMR_API,/emr-api/api/v1,POST,/VitalSign/GrowthChart/Vital
EMR_API,/emr-api/api/v1,POST,/VitalSign/IntakeOutput
EMR_API,/emr-api/api/v1,POST,/VitalSign/IntakeOutput/VitalList
EMR_API,/emr-api/api/v1,POST,/VitalSign/List
EMR_API,/emr-api/api/v1,POST,/VitalSign/Log/ByMrno
EMR_API,/emr-api/api/v1,POST,/VitalSign/Log/ByVsPhysID
EMR_API,/emr-api/api/v1,POST,/VitalSign/Log/List
EMR_API,/emr-api/api/v1,POST,/VitalSign/PatientCondition/List
EMR_API,/emr-api/api/v1,POST,/VitalSign/PatientConditionLoad
EMR_API,/emr-api/api/v1,POST,/VitalSign/Remove
EMR_API,/emr-api/api/v1,POST,/VitalSign/Summary
EMR_API,/emr-api/api/v1,PUT,/VitalSign/Update
EMR_API,/emr-api/api/v1,POST,/VitalSign/VitalMachineReport/List
EMR_API,/emr-api/api/v1,POST,/VitalSign/VitalSeverity
EMR_API,/emr-api/api/v1,POST,/VitalSign/VitalsTempLoad
EMR_API,/emr-api/api/v1,POST,/cpoe/Favourites
EMR_API,/emr-api/api/v1,POST,/cpoe/OrderSetDetailsById
EMR_API,/emr-api/api/v1,POST,/cpoe/ProfileService
EMR_API,/emr-api/api/v1,POST,/cpoe/RecommendedService
EMR_API,/emr-api/api/v1,POST,/cpoe/Services/All
EMR_API,/emr-api/api/v1,POST,/cpoe/SubServicesById
EMR_API,/emr-api/api/v1,POST,/cpoe/orderset
EMR_API,/emr-api/api/v1,DELETE,/{p}/{p}
Billing_API,/billing-api/api/v1,POST,/Advance/GetAdvanceHospitalMswk?LoginHospitalId={p}
Billing_API,/billing-api/api/v1,POST,/Advance/GetAdvanceInfo
Billing_API,/billing-api/api/v1,POST,/Advance/GetAdvanceRefundsById
Billing_API,/billing-api/api/v1,POST,/Advance/GetAdvances
Billing_API,/billing-api/api/v1,POST,/Advance/GetHospitalWiseAdvanceInfo
Billing_API,/billing-api/api/v1,POST,/Advance/InsertAdvanceCollection
Billing_API,/billing-api/api/v1,POST,/AdvanceRefund/AdvanceRefundSaveValidation
Billing_API,/billing-api/api/v1,POST,/AdvanceRefund/GetAdvanceRefundDtls
Billing_API,/billing-api/api/v1,POST,/AdvanceRefund/SaveAdvanceRefundData
Billing_API,/billing-api/api/v1,GET,/AdvanceRefundRequest/AdvRefundType
Billing_API,/billing-api/api/v1,GET,/AdvanceRefundRequest/AdvRefundrequestLog?AdvRetPatrefundId={p}&HospitalId={p}
Billing_API,/billing-api/api/v1,POST,/AdvanceRefundRequest/GetAdvanceData
Billing_API,/billing-api/api/v1,POST,/AdvanceRefundRequest/GetAdvanceRefundRequests
Billing_API,/billing-api/api/v1,GET,/AdvanceRefundRequest/GetBankDataForAdvRefund
Billing_API,/billing-api/api/v1,GET,/AdvanceRefundRequest/GetEditData?AdvPatRefundId={p}&RefundType={p}
Billing_API,/billing-api/api/v1,GET,/AdvanceRefundRequest/PatType?HospitalId={p}
Billing_API,/billing-api/api/v1,GET,/AdvanceRefundRequest/RefType
Billing_API,/billing-api/api/v1,POST,/AdvanceRefundRequest/SaveAdvanceRefundRequest
Billing_API,/billing-api/api/v1,POST,/AdvanceRefundRequest/SaveAdvanceRefundRequestApproval
Billing_API,/billing-api/api/v1,GET,/AdvanceRefundRequest/ServiceRefundDtls?AdvRetPatRefundId={p}
Billing_API,/billing-api/api/v1,POST,/AdvanceWallet/AdvanceData
Billing_API,/billing-api/api/v1,POST,/AdvanceWallet/AdvanceToAdvance
Billing_API,/billing-api/api/v1,POST,/AdvanceWallet/GetPatWalletInfo
Billing_API,/billing-api/api/v1,POST,/AdvanceWallet/GetWalletInfo
Billing_API,/billing-api/api/v1,POST,/AdvanceWallet/History/View
Billing_API,/billing-api/api/v1,POST,/AdvanceWallet/PatWalletHistory
Billing_API,/billing-api/api/v1,POST,/AdvanceWallet/ToAdvance
Billing_API,/billing-api/api/v1,POST,/AdvanceWallet/ToWallet
Billing_API,/billing-api/api/v1,POST,/AdvanceWallet/WalletData
Billing_API,/billing-api/api/v1,POST,/AvailedServiceInfo/GetApprovalDetails
Billing_API,/billing-api/api/v1,POST,/AvailedServiceInfo/GetAvailedServices
Billing_API,/billing-api/api/v1,POST,/AvailedServiceInfo/GetAvailedServicesDetails
Billing_API,/billing-api/api/v1,POST,/AvailedServiceInfo/GetDrugInfo
Billing_API,/billing-api/api/v1,GET,/AvailedServiceInfo/GetRadiologyLog?DtlsPatBillingId={p}
Billing_API,/billing-api/api/v1,POST,/AvailedServiceInfo/GetRadiologyToken
Billing_API,/billing-api/api/v1,POST,/AvailedServiceInfo/UpdateAvailedServicesApprovalNo
Billing_API,/billing-api/api/v1,POST,/AvailedServiceInfo/UpdateRadiologyArrivalStatus
Billing_API,/billing-api/api/v1,POST,/BillCancel/BillItemsById
Billing_API,/billing-api/api/v1,POST,/BillCancel/CancelBillValidation
Billing_API,/billing-api/api/v1,POST,/BillCancel/CardDetails
Billing_API,/billing-api/api/v1,POST,/BillCancel/CheckedBillDetails
Billing_API,/billing-api/api/v1,GET,/BillCancel/CreditNotePageLoad?MachineName={p}&UserId={p}&HospitalId={p}
Billing_API,/billing-api/api/v1,POST,/BillCancel/CreditNoteView
Billing_API,/billing-api/api/v1,POST,/BillCancel/CreditNoteViewByID?genPatBillingId={p}&visitMode={p}
Billing_API,/billing-api/api/v1,GET,/BillCancel/PaymentDetails?genPatBillingId=
Billing_API,/billing-api/api/v1,GET,/BillCancel/PaymentDetails?genPatBillingId={p}
Billing_API,/billing-api/api/v1,POST,/BillCancel/QtyChange
Billing_API,/billing-api/api/v1,GET,/BillCancel/RefundDetails?genPatBillingId=
Billing_API,/billing-api/api/v1,GET,/BillCancel/RefundDetails?genPatBillingId={p}
Billing_API,/billing-api/api/v1,POST,/BillCancel/SaveCancelBill
Billing_API,/billing-api/api/v1,POST,/BillCancel/SaveCancelBillRequest
Billing_API,/billing-api/api/v1,POST,/BillCancel/Search
Billing_API,/billing-api/api/v1,POST,/BillCancel/SearchMore
Billing_API,/billing-api/api/v1,POST,/BillCancel/SelectAllCollectedAmount
Billing_API,/billing-api/api/v1,POST,/Billing/AddEmrService
Billing_API,/billing-api/api/v1,POST,/Billing/AddService
Billing_API,/billing-api/api/v1,GET,/Billing/BilledServices
Billing_API,/billing-api/api/v1,GET,/Billing/BilledServices?PatFinEncounterId={p}&ServiceType={p}
Billing_API,/billing-api/api/v1,POST,/Billing/Billing/Service
Billing_API,/billing-api/api/v1,POST,/Billing/BillingAdjustment
Billing_API,/billing-api/api/v1,POST,/Billing/DeleteService
Billing_API,/billing-api/api/v1,GET,/Billing/DoctorOrderCount?PatfinEncounterId={p}&ServiceType={p}
Billing_API,/billing-api/api/v1,GET,/Billing/GetIcdDtls?PatFinEncounterId={p}
Billing_API,/billing-api/api/v1,GET,/Billing/GetProfileService?InvMastServiceId={p}
Billing_API,/billing-api/api/v1,GET,/Billing/GetResourceAppointment?MRNO={p}&HospitalId={p}
Billing_API,/billing-api/api/v1,POST,/Billing/IncltoExcl
Billing_API,/billing-api/api/v1,POST,/Billing/LoadAppointmentServices
Billing_API,/billing-api/api/v1,POST,/Billing/PackageServiceload
Billing_API,/billing-api/api/v1,POST,/Billing/PatApprovalUpdation?EmrpatDtlsInvOrderId={p}
Billing_API,/billing-api/api/v1,POST,/Billing/SaveServiceOrder
Billing_API,/billing-api/api/v1,POST,/Billing/SelectingServiceOrder
Billing_API,/billing-api/api/v1,POST,/Billing/ServiceOrderOtherCharges
Billing_API,/billing-api/api/v1,POST,/Billing/ServiceOrderQuantityChange
Billing_API,/billing-api/api/v1,POST,/Billing/ServiceOrderSaveValidation
Billing_API,/billing-api/api/v1,POST,/Billing/ServicePageLoad
Billing_API,/billing-api/api/v1,POST,/Billing/ToExclusionService
Billing_API,/billing-api/api/v1,POST,/Billing/{p}
Billing_API,/billing-api/api/v1,GET,/BillingCommon/AdjustmentType?HospitalId={p}
Billing_API,/billing-api/api/v1,GET,/BillingCommon/BillingPriority?priorityId={p}&VisitMode={p}
Billing_API,/billing-api/api/v1,GET,/BillingCommon/DiscountAuthorizedBy?HospitalId={p}
Billing_API,/billing-api/api/v1,POST,/BillingCommon/DiscountAuthorizedByDtls
Billing_API,/billing-api/api/v1,GET,/BillingCommon/ReprintBillNoDetails?ServiceTypeId={p}&HospitalId={p}
Billing_API,/billing-api/api/v1,POST,/BillingCommon/SaveIcdDetails
Billing_API,/billing-api/api/v1,GET,/BillingCommon/ServiceCategory
Billing_API,/billing-api/api/v1,POST,/CashToPOS/GetCashToPOSBillDetails
Billing_API,/billing-api/api/v1,POST,/CashToPOS/POSValidation
Billing_API,/billing-api/api/v1,GET,/CashToPOS/PageLoad
Billing_API,/billing-api/api/v1,POST,/CashToPOS/SaveCashToPOSDtls
Billing_API,/billing-api/api/v1,POST,/ConsultationPanel/ConsultationPanelData
Billing_API,/billing-api/api/v1,GET,/ConsultationPanel/ConsultationPanelLogData?ApptAllocationId={p}
Billing_API,/billing-api/api/v1,GET,/ConsultationPanel/GetConsultationPanelInitialData
Billing_API,/billing-api/api/v1,GET,/ConsultationPanel/GetVCApprovals?apptAllocaitonId={p}
Billing_API,/billing-api/api/v1,POST,/ConsultationPanel/SaveConsultationPanel
Billing_API,/billing-api/api/v1,POST,/ConsultationPanel/SaveVCApproval
Billing_API,/billing-api/api/v1,GET,/ContractInfo/ValueType
Billing_API,/billing-api/api/v1,GET,/DueSettlement/GetDueBillDetailsByID?GenPatBillingId={p}
Billing_API,/billing-api/api/v1,POST,/DueSettlement/GetDueSettlementBills
Billing_API,/billing-api/api/v1,GET,/DueSettlement/PayStatus
Billing_API,/billing-api/api/v1,POST,/DueSettlement/SaveDueSettlementBills
Billing_API,/billing-api/api/v1,POST,/Encounter/CancelEncounter
Billing_API,/billing-api/api/v1,POST,/Encounter/CloseEncounter
Billing_API,/billing-api/api/v1,GET,/Encounter/Departments?HospitalId={p}
Billing_API,/billing-api/api/v1,POST,/Encounter/EncounterRemarksUpdate
Billing_API,/billing-api/api/v1,GET,/Encounter/GetAppointmentPaymentInfo?ApptAllocationId={p}&HospitalId={p}
Billing_API,/billing-api/api/v1,GET,/Encounter/InitialData?HospitalId={p}
Billing_API,/billing-api/api/v1,POST,/Encounter/PatientClosedEncounters
Billing_API,/billing-api/api/v1,POST,/Encounter/PatientEncounterRemarks
Billing_API,/billing-api/api/v1,POST,/Encounter/PatientEncounters
Billing_API,/billing-api/api/v1,POST,/Encounter/PatientOpenEncounters
Billing_API,/billing-api/api/v1,GET,/Encounter/PatientVisitType?Mrno={p}&HospitalId={p}&IsFindPage={p}
Billing_API,/billing-api/api/v1,GET,/HelpDesk/Category
Billing_API,/billing-api/api/v1,POST,/HelpDesk/ContractDetails
Billing_API,/billing-api/api/v1,POST,/HelpDesk/HelpDeskServices
Billing_API,/billing-api/api/v1,POST,/HelpDesk/InsuranceCorporateDetails
Billing_API,/billing-api/api/v1,POST,/HelpDesk/SchemeBuyer
Billing_API,/billing-api/api/v1,POST,/HelpDesk/SchemeByPlanCode
Billing_API,/billing-api/api/v1,POST,/HelpDesk/SchemeName
Billing_API,/billing-api/api/v1,POST,/HelpDesk/ServiceCharge
Billing_API,/billing-api/api/v1,POST,/HelpDesk/SubCategory
Billing_API,/billing-api/api/v1,POST,/InsApproval/EMRLimitCheck
Billing_API,/billing-api/api/v1,POST,/OutsiderBilling/SaveServiceOrder
Billing_API,/billing-api/api/v1,POST,/Package/GetPackageServices
Billing_API,/billing-api/api/v1,POST,/Package/GetPackages
Billing_API,/billing-api/api/v1,POST,/Package/SavePackageServices
Billing_API,/billing-api/api/v1,POST,/PosRefund/GetPosRefund
Billing_API,/billing-api/api/v1,GET,/PosRefund/GetPosRefundLog?genPatPosRefundId={p}
Billing_API,/billing-api/api/v1,GET,/PosRefund/GetPosRefundPageLoad
Billing_API,/billing-api/api/v1,POST,/PosRefund/UpdatePosRefundStatus
Billing_API,/billing-api/api/v1,POST,/Receipt/Banks
Billing_API,/billing-api/api/v1,POST,/Receipt/CardsByType
Billing_API,/billing-api/api/v1,POST,/Receipt/GetPaymentEdit
Billing_API,/billing-api/api/v1,POST,/Receipt/GetPaymentEditLog
Billing_API,/billing-api/api/v1,POST,/Receipt/POSMachineSetting
Billing_API,/billing-api/api/v1,POST,/Receipt/PaymentHistory
Billing_API,/billing-api/api/v1,POST,/Receipt/SavePaymentEdit
Billing_API,/billing-api/api/v1,POST,/Receipt/ValidatePriceAgreement
Billing_API,/billing-api/api/v1,GET,/ReferenceLetter/PageLoad?HospitalId={p}
Billing_API,/billing-api/api/v1,POST,/ReferenceLetter/ReferenceLetterDetails
Billing_API,/billing-api/api/v1,GET,/ReferenceLetter/ReferenceLetterLog?PatRefLetterId={p}
Billing_API,/billing-api/api/v1,POST,/ReferenceLetter/ReferenceLetterSave
Billing_API,/billing-api/api/v1,POST,/RentCalculation/GetMultipleRoomRentValidation
Billing_API,/billing-api/api/v1,POST,/RentCalculation/GetRentForDischarge
Billing_API,/billing-api/api/v1,POST,/RentCalculation/GetRentForMultiplRoomRent
Billing_API,/billing-api/api/v1,POST,/RentCalculation/RentCalculation
Billing_API,/billing-api/api/v1,POST,/RentCalculation/RentCalculationValidation
Billing_API,/billing-api/api/v1,POST,/RentCalculation/RentDelete
Billing_API,/billing-api/api/v1,POST,/RentCalculation/RentMultipleSave
Billing_API,/billing-api/api/v1,POST,/RentCalculation/RentSave
Billing_API,/billing-api/api/v1,POST,/SchemeChange/BillItemsById
Billing_API,/billing-api/api/v1,POST,/SchemeChange/DeleteSchemeChangedService
Billing_API,/billing-api/api/v1,POST,/SchemeChange/RequestInsuranceApproval
Billing_API,/billing-api/api/v1,POST,/SchemeChange/SaveSchemeChangedService
Billing_API,/billing-api/api/v1,POST,/SchemeChange/SchemeChangeAllBillValidation
Billing_API,/billing-api/api/v1,POST,/SchemeChange/SchemeChangeNeedApprovalToInclusion
Billing_API,/billing-api/api/v1,POST,/SchemeChange/SchemeChangePrepValidation
Billing_API,/billing-api/api/v1,POST,/SchemeChange/SchemeChangedService
Billing_API,/billing-api/api/v1,POST,/SchemeChange/Search
Billing_API,/billing-api/api/v1,GET,/ServicePanel/GetApptMastResource?ApptResourceCategoryId={p}&HospitalId={p}
Billing_API,/billing-api/api/v1,GET,/ServicePanel/GetApptResourceCategory?HospitalId={p}
Billing_API,/billing-api/api/v1,GET,/ServicePanel/GetEmrOrderDetails?EmrPatDtlsInvOrderId={p}
Billing_API,/billing-api/api/v1,GET,/ServicePanel/GetInvMastServices?ApptResourceCategoryId={p}&HospitalId={p}
Billing_API,/billing-api/api/v1,POST,/ServicePanel/GetServicePanelData
Billing_API,/billing-api/api/v1,GET,/ServicePanel/GetServicePanelInitialData?HospitalId={p}
Billing_API,/billing-api/api/v1,POST,/ServicePanel/SaveServicePanel
Billing_API,/billing-api/api/v1,GET,/ZatcaView/GetZatcaErrorLogResponse?ZatcaMastInvoiceId={p}
Billing_API,/billing-api/api/v1,GET,/ZatcaView/GetZatcaLogResponse?ZatcaIntLogId={p}
Billing_API,/billing-api/api/v1,POST,/ZatcaView/GetZatcaLogViewerData
Billing_API,/billing-api/api/v1,GET,/ZatcaView/GetZatcaResponse?ZatcaMastInvoiceId={p}
Billing_API,/billing-api/api/v1,GET,/ZatcaView/GetZatcaXmlDetails?ZatcaMastInvoiceId={p}
Billing_API,/billing-api/api/v1,POST,/ZatcaView/SaveResubmit
Billing_API,/billing-api/api/v1,POST,/ZatcaView/ZatcaExcel
Billing_API,/billing-api/api/v1,POST,/{p}/{p}
Ins_Approval_API,,POST,/ClaimForm/ClaimForm
Ins_Approval_API,,GET,/ClaimForm/Log?claimMasterId={p}
Ins_Approval_API,,POST,/ClaimForm/LogDetails
Ins_Approval_API,,POST,/ClaimForm/Save
Ins_Approval_API,,POST,/EmrAttachment/GetEncounterEpisode
Ins_Approval_API,,POST,/EmrAttachment/GetEncounterEpisodeDetails
Ins_Approval_API,,POST,/InsuranceApproval/ApproveRequest
Ins_Approval_API,,POST,/InsuranceApproval/AwaitRequest
Ins_Approval_API,,GET,/InsuranceApproval/ById?incoMastPatApprovalId={p}&hospitalId={p}
Ins_Approval_API,,POST,/InsuranceApproval/CancelRequest
Ins_Approval_API,,GET,/InsuranceApproval/CheckOfflineApprovalExist?&patFinEncounterId={p}
Ins_Approval_API,,POST,/InsuranceApproval/Consultation/SaveIcdDetails
Ins_Approval_API,,GET,/InsuranceApproval/Details?incoMastPatApprovalId={p}
Ins_Approval_API,,GET,/InsuranceApproval/EMRNote/Exist?mrno={p}&hospitalId={p}
Ins_Approval_API,,GET,/InsuranceApproval/Encounter?incoMastPatApprovalId={p}&hospitalId={p}
Ins_Approval_API,,GET,/InsuranceApproval/FileAttachmentCategory
Ins_Approval_API,,GET,/InsuranceApproval/GetEncounterAdmitSource
Ins_Approval_API,,GET,/InsuranceApproval/GetIcdDetails?incoMastPatApprovalId={p}&patFinEncounterId={p}
Ins_Approval_API,,POST,/InsuranceApproval/InsuranceApprovalAttachments
Ins_Approval_API,,GET,/InsuranceApproval/InsuranceApprovalAttachments?incoMastPatApprovalId={p}&mrno={p}
Ins_Approval_API,,GET,/InsuranceApproval/LogDetails?incoDtlsPatApprovalId={p}
Ins_Approval_API,,GET,/InsuranceApproval/MoreInfo?incoMastPatApprovalId={p}&incoPatientSchemeId={p}&hospitalId={p}
Ins_Approval_API,,POST,/InsuranceApproval/OfflineApproval
Ins_Approval_API,,GET,/InsuranceApproval/PayerDetails?hospitalId={p}
Ins_Approval_API,,POST,/InsuranceApproval/PostRequest
Ins_Approval_API,,GET,/InsuranceApproval/PriceEsitmation/Log?mastId={p}&isPharmacyRequest={p}
Ins_Approval_API,,POST,/InsuranceApproval/PriceEsitmation/Send
Ins_Approval_API,,POST,/InsuranceApproval/ReferralApprovalDetails/Get
Ins_Approval_API,,POST,/InsuranceApproval/ReferralDetails/Get
Ins_Approval_API,,POST,/InsuranceApproval/ReferralDetails/Save
Ins_Approval_API,,POST,/InsuranceApproval/RejectRequest
Ins_Approval_API,,GET,/InsuranceApproval/RejectionLog
Ins_Approval_API,,GET,/InsuranceApproval/Request/Edit?incoMastPatApprovalId={p}
Ins_Approval_API,,POST,/InsuranceApproval/Request/Save
Ins_Approval_API,,POST,/InsuranceApproval/RequestCount
Ins_Approval_API,,POST,/InsuranceApproval/RequestDetailsForAdmissionOrder
Ins_Approval_API,,POST,/InsuranceApproval/RequestDetailsForApproval
Ins_Approval_API,,GET,/InsuranceApproval/RequestDetailsForAwaited?incoMastPatApprovalId={p}
Ins_Approval_API,,GET,/InsuranceApproval/RequestDetailsForCancel?incoMastPatApprovalId={p}
Ins_Approval_API,,GET,/InsuranceApproval/RequestDetailsForPost
Ins_Approval_API,,GET,/InsuranceApproval/RequestDetailsForReject?incoMastPatApprovalId={p}
Ins_Approval_API,,GET,/InsuranceApproval/RequestDetailsForResend?incoMastPatApprovalId={p}
Ins_Approval_API,,POST,/InsuranceApproval/RequestDetailsForSend
Ins_Approval_API,,POST,/InsuranceApproval/RequestDetailsForSendByHospDate
Ins_Approval_API,,POST,/InsuranceApproval/RequestDetailsForSendByNewOption
Ins_Approval_API,,POST,/InsuranceApproval/RequestDetailsForSendByVirtualDischargeOption
Ins_Approval_API,,POST,/InsuranceApproval/RequestDetailsTotalAmount
Ins_Approval_API,,POST,/InsuranceApproval/ResendRequest
Ins_Approval_API,,POST,/InsuranceApproval/Search
Ins_Approval_API,,POST,/InsuranceApproval/SendRequest
Ins_Approval_API,,POST,/InsuranceApproval/ServiceCharge
Ins_Approval_API,,GET,/InsuranceApproval/ValidateNphiesCancelRequest?NphiesMastApprovalId={p}&ValidationId={p}
Ins_Approval_API,,GET,/InsuranceApproval/ViewLOSBedName?roomTypeId={p}&level={p}&hospitalId={p}
Ins_Approval_API,,GET,/InsuranceApproval/ViewLOSLevel?hospitalId={p}
Ins_Approval_API,,GET,/InsuranceApproval/ViewLOSRoomType?level={p}&hospitalId={p}
Ins_Approval_API,,POST,/InsuranceApproval/ViewLosSearch
Ins_Approval_API,,GET,/InsuranceApprovalCommon/ApprovalMenu?isConsultationApproval={p}
Ins_Approval_API,,GET,/InsuranceApprovalCommon/Buyer?insuranceId={p}&hospitalId={p}
Ins_Approval_API,,GET,/InsuranceApprovalCommon/Category
Ins_Approval_API,,GET,/InsuranceApprovalCommon/IdentifyingDocs
Ins_Approval_API,,GET,/InsuranceApprovalCommon/Insurance?tpaId={p}&hospitalId={p}
Ins_Approval_API,,GET,/InsuranceApprovalCommon/PatientScheme?mrno={p}&hospitalId={p}
Ins_Approval_API,,GET,/InsuranceApprovalCommon/Pharmacy
Ins_Approval_API,,GET,/InsuranceApprovalCommon/RejectionReasonForPreauth
Ins_Approval_API,,GET,/InsuranceApprovalCommon/ServiceType?isPharmacy={p}
Ins_Approval_API,,GET,/InsuranceApprovalCommon/Services?hospitalId={p}
Ins_Approval_API,,GET,/InsuranceApprovalCommon/Status
Ins_Approval_API,,GET,/InsuranceApprovalCommon/ToothNumber
Ins_Approval_API,,GET,/InsuranceApprovalCommon/Tpa
Ins_Approval_API,,GET,/InsuranceApprovalCommon/VsitType
Ins_Approval_API,,GET,/JhahApproval/Details?phMastApprovalId={p}&hospitalId={p}
Ins_Approval_API,,GET,/JhahApproval/GetJHAHIcdDetails
Ins_Approval_API,,GET,/JhahApproval/JHAHDetails?phMastApprovalId={p}
Ins_Approval_API,,GET,/JhahApproval/JHAHPreauthErrorResponseView
Ins_Approval_API,,GET,/JhahApproval/JHAHPreauthResponseView
Ins_Approval_API,,POST,/JhahApproval/JHAHRequestDetailsForSend
Ins_Approval_API,,GET,/JhahApproval/JHAHStatusCheckResponse
Ins_Approval_API,,GET,/JhahApproval/JhahStatusCheckLog
Ins_Approval_API,,GET,/JhahApproval/Log
Ins_Approval_API,,POST,/JhahApproval/RequestDetailsForApproval
Ins_Approval_API,,GET,/JhahApproval/RequestResponse
Ins_Approval_API,,POST,/JhahApproval/SaveJHAHIcdDetails
Ins_Approval_API,,POST,/JhahApproval/Search
Ins_Approval_API,,POST,/JhahApproval/SendJHAHPostRequest
Ins_Approval_API,,POST,/Nphies/CancelNphiesRequest
Ins_Approval_API,,GET,/Nphies/CancelReason
Ins_Approval_API,,GET,/Nphies/CancelRequestResponse?nphiesMastApprovalId={p}
Ins_Approval_API,,GET,/Nphies/GetPreAuthAttachments?nphiesMastApprovalId={p}
Ins_Approval_API,,POST,/Nphies/ManualRevertCancellation
Ins_Approval_API,,GET,/Nphies/NphiesApprovalAttachment?incoMastPatApprovalId={p}
Ins_Approval_API,,GET,/Nphies/NphiesApprovalCommunicationRequest?nphiesApprovalCommId={p}
Ins_Approval_API,,GET,/Nphies/NphiesApprovalCommunicationResponse?nphiesApprovalCommId={p}
Ins_Approval_API,,GET,/Nphies/NphiesApprovalCommunicationResponseACK?nphiesApprovalCommId={p}
Ins_Approval_API,,GET,/Nphies/NphiesAttachmentDocumentType
Ins_Approval_API,,GET,/Nphies/NphiesCommunicationData?NphiesMastApprovalId={p}
Ins_Approval_API,,GET,/Nphies/NphiesCommunicationSendPayload?NphiesApprovalCommId={p}
Ins_Approval_API,,GET,/Nphies/NphiesCompletedErrorResponseView?NphiesMastApprovalId={p}
Ins_Approval_API,,GET,/Nphies/NphiesCompletedResponseView?NphiesMastApprovalId={p}
Ins_Approval_API,,GET,/Nphies/NphiesDetails?incoMastPatApprovalId={p}
Ins_Approval_API,,GET,/Nphies/NphiesFileContent?fileAttachmentId={p}&hospitalId={p}
Ins_Approval_API,,GET,/Nphies/PharmacyRequestNphiesAttachments?phMastApprovalId={p}&hospitalId={p}
Ins_Approval_API,,GET,/Nphies/PollResponse?nphiesMastApprovalId={p}
Ins_Approval_API,,GET,/Nphies/RequestResponse?nphiesMastApprovalId={p}
Ins_Approval_API,,POST,/Nphies/SaveNphiesCommunicationFileAttachment
Ins_Approval_API,,POST,/Nphies/SaveNphiesPostAttachment
Ins_Approval_API,,POST,/Nphies/SavePharmacyRequestNphiesAttachments
Ins_Approval_API,,POST,/Nphies/SendNphiesRequest
Ins_Approval_API,,POST,/Pharmacy/AmountRequested
Ins_Approval_API,,POST,/Pharmacy/ApproveRequest
Ins_Approval_API,,POST,/Pharmacy/AwaitRequest
Ins_Approval_API,,GET,/Pharmacy/ById?phMastApprovalId={p}&hospitalId={p}
Ins_Approval_API,,POST,/Pharmacy/CancelNphiesRequest
Ins_Approval_API,,POST,/Pharmacy/CancelRequest
Ins_Approval_API,,GET,/Pharmacy/Details?phMastApprovalId={p}&hospitalId={p}
Ins_Approval_API,,GET,/Pharmacy/Encounter?phMastApprovalId={p}&hospitalId={p}
Ins_Approval_API,,GET,/Pharmacy/GetIcdDetails?phMastApprovalId={p}&patFinEncounterId={p}
Ins_Approval_API,,GET,/Pharmacy/Log?phDtlsApprovalID={p}
Ins_Approval_API,,POST,/Pharmacy/ManualRevertCancellation
Ins_Approval_API,,GET,/Pharmacy/MoreInfo?phMastApprovalId={p}&incoPatientSchemeId={p}&hospitalId={p}
Ins_Approval_API,,GET,/Pharmacy/NphiesDetails?phMastApprovalId={p}
Ins_Approval_API,,GET,/Pharmacy/PhRejectionLog
Ins_Approval_API,,POST,/Pharmacy/PhReqQtyApprovalInformation
Ins_Approval_API,,POST,/Pharmacy/PhReqQtyToBeApproved
Ins_Approval_API,,POST,/Pharmacy/PharmacyCharge
Ins_Approval_API,,GET,/Pharmacy/PharmacyRequest/Edit?phMastApprovalId={p}&hospitalId={p}
Ins_Approval_API,,POST,/Pharmacy/PostRequest
Ins_Approval_API,,POST,/Pharmacy/QuantityApprovalInformation
Ins_Approval_API,,POST,/Pharmacy/QuantityToBeApproved
Ins_Approval_API,,POST,/Pharmacy/RejectRequest
Ins_Approval_API,,POST,/Pharmacy/RequestDetailsForApproval
Ins_Approval_API,,POST,/Pharmacy/RequestDetailsForAwaited
Ins_Approval_API,,POST,/Pharmacy/RequestDetailsForCancel
Ins_Approval_API,,POST,/Pharmacy/RequestDetailsForPost
Ins_Approval_API,,POST,/Pharmacy/RequestDetailsForReject
Ins_Approval_API,,POST,/Pharmacy/RequestDetailsForResend
Ins_Approval_API,,POST,/Pharmacy/RequestDetailsForSend
Ins_Approval_API,,POST,/Pharmacy/RequestDetailsForSendByNewOption
Ins_Approval_API,,POST,/Pharmacy/RequestedAmount
Ins_Approval_API,,POST,/Pharmacy/ResendRequest
Ins_Approval_API,,POST,/Pharmacy/SaveIcdDetails
Ins_Approval_API,,POST,/Pharmacy/SaveRequest
Ins_Approval_API,,POST,/Pharmacy/Search
Ins_Approval_API,,POST,/Pharmacy/SendNphiesRequest
Ins_Approval_API,,POST,/Pharmacy/SendRequest
Ins_Approval_API,,POST,/Pharmacy/Stock
Final_Billing_Api,,POST,/ClaimSubmission/Nphies/BillDetails/SaveToothNoAndClaimDate
Final_Billing_Api,,POST,/ClaimSubmission/Nphies/BulkCancellation/Cancel
Final_Billing_Api,,POST,/ClaimSubmission/Nphies/BulkCancellation/Export
Final_Billing_Api,,GET,/ClaimSubmission/Nphies/BulkCancellation/SampleDownload
Final_Billing_Api,,POST,/ClaimSubmission/Nphies/BulkCancellation/Upload
Final_Billing_Api,,GET,/ClaimSubmission/Nphies/BulkComment/SampleDownload
Final_Billing_Api,,POST,/ClaimSubmission/Nphies/BulkCommunication/Export
Final_Billing_Api,,GET,/ClaimSubmission/Nphies/BulkCommunication/SampleDownload
Final_Billing_Api,,POST,/ClaimSubmission/Nphies/BulkCommunication/Upload
Final_Billing_Api,,POST,/ClaimSubmission/Nphies/BulkRevertClaimStatus/Export
Final_Billing_Api,,POST,/ClaimSubmission/Nphies/BulkRevertClaimStatus/Revert
Final_Billing_Api,,POST,/ClaimSubmission/Nphies/BulkRevertClaimStatus/Upload
Final_Billing_Api,,GET,/ClaimSubmission/Nphies/ClaimsCount
Final_Billing_Api,,POST,/ClaimSubmission/Nphies/CommentBulkUpload/Export
Final_Billing_Api,,POST,/ClaimSubmission/Nphies/CommentBulkUpload/Send
Final_Billing_Api,,POST,/ClaimSubmission/Nphies/CommentBulkUpload/Upload
Final_Billing_Api,,POST,/ClaimSubmission/Nphies/Communication/List
Final_Billing_Api,,GET,/ClaimSubmission/Nphies/Communication/RequestResponse?NphiesMastClaimCommId={p}
Final_Billing_Api,,GET,/ClaimSubmission/Nphies/Communication/ResponseACK?NphiesMastClaimCommId={p}
Final_Billing_Api,,POST,/ClaimSubmission/Nphies/Communication/Send
Final_Billing_Api,,GET,/ClaimSubmission/Nphies/Communication/ViewFile?NphiesMastClaimCommId={p}
Final_Billing_Api,,POST,/ClaimSubmission/Nphies/ManualAttachment/Delete
Final_Billing_Api,,POST,/ClaimSubmission/Nphies/ManualAttachment/List
Final_Billing_Api,,POST,/ClaimSubmission/Nphies/ManualAttachment/LoadInvoiceNo
Final_Billing_Api,,POST,/ClaimSubmission/Nphies/ManualAttachment/Save
Final_Billing_Api,,POST,/ClaimSubmission/Nphies/ManualAttachment/SaveEMRAttachment
Final_Billing_Api,,GET,/ClaimSubmission/Nphies/ManualAttachment/View?fileAttachmentId={p}&hospitalId={p}
Final_Billing_Api,,POST,/ClaimSubmission/Nphies/ManualAttachmentOverride
Final_Billing_Api,,GET,/ClaimSubmission/Nphies/ManualAttachmentOverride/Log?nphiesClaimInvoiceId={p}&hospitalId={p}
Final_Billing_Api,,GET,/ClaimSubmission/Nphies/NphiesDetails/CancelRequestResponse?NphiesMastClaimSubId={p}
Final_Billing_Api,,GET,/ClaimSubmission/Nphies/NphiesDetails/ClaimErrorDetails?NphiesMastClaimsubId={p}
Final_Billing_Api,,GET,/ClaimSubmission/Nphies/NphiesDetails/ClaimResponseDetails?NphiesMastClaimsubId={p}
Final_Billing_Api,,GET,/ClaimSubmission/Nphies/NphiesDetails/List?BillingMastGenerateId={p}
Final_Billing_Api,,GET,/ClaimSubmission/Nphies/NphiesDetails/PollResponse?NphiesMastClaimSubId={p}
Final_Billing_Api,,GET,/ClaimSubmission/Nphies/NphiesDetails/ReqRes?NphiesMastClaimSubId={p}
Final_Billing_Api,,GET,/ClaimSubmission/Nphies/NphiesDetails/RequestResponse?NphiesMastClaimSubId={p}
Final_Billing_Api,,GET,/ClaimSubmission/Nphies/NphiesRevertToPendingReason
Final_Billing_Api,,POST,/ClaimSubmission/Nphies/OfflineEligibility/Log
Final_Billing_Api,,POST,/ClaimSubmission/Nphies/OfflineEligibility/Save
Final_Billing_Api,,POST,/ClaimSubmission/Nphies/Payer
Final_Billing_Api,,GET,/ClaimSubmission/Nphies/Pharmacy/GetIcdDetails?billingMastGenerateId={p}&patFinEncounterId={p}
Final_Billing_Api,,POST,/ClaimSubmission/Nphies/Pharmacy/SaveIcdDetails
Final_Billing_Api,,GET,/ClaimSubmission/Nphies/PollingPayers?hospitalId={p}
Final_Billing_Api,,GET,/ClaimSubmission/Nphies/RevertClaim/SampleDownload
Final_Billing_Api,,GET,/ClaimSubmission/Nphies/RevertLog?nphiesMastClaimSubmissionId={p}&hospitalId={p}
Final_Billing_Api,,POST,/ClaimSubmission/Nphies/SaveIcd
Final_Billing_Api,,POST,/ClaimSubmission/Nphies/SaveInvoiceDate
Final_Billing_Api,,GET,/ClaimSubmission/Nphies/Service/GetIcdDetails?patFinEncounterId={p}&isEpisodeBased={p}&billingMastGenerateId={p}&nphiesMastClaimSubmissionId={p}
Final_Billing_Api,,POST,/ClaimSubmission/Nphies/Statement/Details
Final_Billing_Api,,POST,/ClaimSubmission/Nphies/Statement/Details/ApprovalNo/DeleteAll
Final_Billing_Api,,POST,/ClaimSubmission/Nphies/Statement/Details/ApprovalNo/Load
Final_Billing_Api,,POST,/ClaimSubmission/Nphies/Statement/Details/ApprovalNo/Save
Final_Billing_Api,,POST,/ClaimSubmission/Nphies/Statement/Details/BillDetails
Final_Billing_Api,,POST,/ClaimSubmission/Nphies/Statement/Details/ByEpisodeId
Final_Billing_Api,,POST,/ClaimSubmission/Nphies/Statement/Details/CancelClaimSubmission
Final_Billing_Api,,POST,/ClaimSubmission/Nphies/Statement/Details/ClaimSubInternalValidation
Final_Billing_Api,,POST,/ClaimSubmission/Nphies/Statement/Details/DownloadInternalValidations
Final_Billing_Api,,POST,/ClaimSubmission/Nphies/Statement/Details/Export
Final_Billing_Api,,POST,/ClaimSubmission/Nphies/Statement/Details/ExportInternalValidations
Final_Billing_Api,,POST,/ClaimSubmission/Nphies/Statement/Details/IdentifyingId/Load
Final_Billing_Api,,POST,/ClaimSubmission/Nphies/Statement/Details/IdentifyingId/Update
Final_Billing_Api,,POST,/ClaimSubmission/Nphies/Statement/Details/InternalValidation
Final_Billing_Api,,POST,/ClaimSubmission/Nphies/Statement/Details/StatusCheck
Final_Billing_Api,,POST,/ClaimSubmission/Nphies/Statement/Details/UpdateQueuedToPending
Final_Billing_Api,,POST,/ClaimSubmission/Nphies/Statement/List
Final_Billing_Api,,GET,/ClaimSubmission/Nphies/StatusCheck/Log?nphiesMastClaimSubId={p}
Final_Billing_Api,,GET,/ClaimSubmission/Nphies/StatusCheck/RequestResponse?NphiesClaimStatusChkId={p}
Final_Billing_Api,,GET,/ClaimSubmission/Nphies/SubmmissionStatus
Final_Billing_Api,,GET,/ClaimSubmission/Nphies/ToothNumber/List
Final_Billing_Api,,POST,/ClaimSubmission/Nphies/ViewAttachment/Download
Final_Billing_Api,,POST,/ClaimSubmission/Nphies/ViewAttachment/List
Final_Billing_Api,,POST,/ClaimSubmission/Nphies/ViewAttachment/Send
Final_Billing_Api,,POST,/ClaimSubmission/Nphies/ViewAttachment/View
Final_Billing_Api,,GET,/CoderReview/DownloadCoderReviewInternalValidationError?patFinEncounterId={p}&BillingMastGenerateId={p}
Final_Billing_Api,,POST,/FinalBilling/Claim/AmountByPayer
Final_Billing_Api,,POST,/FinalBilling/Claim/AverageFrequencyByPayer
Final_Billing_Api,,GET,/FinalBilling/Claim/Count?HospitalId={p}&filterDate={p}&Mode={p}
Final_Billing_Api,,POST,/FinalBilling/Claim/RejectionPercentageByPayer
Final_Billing_Api,,GET,/FinalBilling/DashBoardData?HospitalId={p}&Mode={p}
Final_Billing_Api,,GET,/FinalBilling/DashboardBillDetails?PatFinEncounterId={p}
Final_Billing_Api,,GET,/FinalBilling/DischargeStatus?HospitalId={p}&DischargeProcessStatus={p}&OverviewDate={p}
Final_Billing_Api,,POST,/FinalBilling/EditBillingMessage
Final_Billing_Api,,GET,/FinalBilling/GetAllUserChat?patFinEncounterId={p}&chatFrom={p}
Final_Billing_Api,,POST,/FinalBilling/GetBillMessageDetails
Final_Billing_Api,,GET,/FinalBilling/GetEMRProviderVisitId?PatFinEncounterId={p}
Final_Billing_Api,,GET,/FinalBilling/MonthlyEpsShemewiseCount?HospitalId={p}&OverviewDate={p}
Final_Billing_Api,,GET,/FinalBilling/MonthlyGeneratedInvoiceShemewiseCount?HospitalId={p}&OverviewDate={p}
Final_Billing_Api,,GET,/FinalBilling/MonthlyIPOverview?HospitalId={p}&OverviewDate={p}
Final_Billing_Api,,GET,/FinalBilling/MonthlyInvoiceAndEpsCount?HospitalId={p}&OverviewDate={p}
Final_Billing_Api,,GET,/FinalBilling/MonthlyInvoiceAndStmtCount?HospitalId={p}&OverviewDate={p}
Final_Billing_Api,,GET,/FinalBilling/MonthlyNotInvoiceShemewiseCount?HospitalId={p}&OverviewDate={p}
Final_Billing_Api,,GET,/FinalBilling/MonthlyNotStmtShemewiseCount?HospitalId={p}&OverviewDate={p}
Final_Billing_Api,,POST,/FinalBilling/OverViewData
Final_Billing_Api,,POST,/FinalBilling/SaveBillingMessage
Final_Billing_Api,,POST,/FinalBilling/SaveGenAlertMessage
Final_Billing_Api,,POST,/FinalBilling/SaveUserChat
Final_Billing_Api,,POST,/FinalBilling/ViewBillMessageDetails
Final_Billing_Api,,GET,/InvoiceGeneration/BillDetailsForMore?BillingMastGenerateId={p}&PatFinEncounterId={p}
Final_Billing_Api,,GET,/InvoiceGeneration/BillDetailsForMore?PatFinEncounterId={p}
Final_Billing_Api,,POST,/InvoiceGeneration/CheckInvoiceValidation
Final_Billing_Api,,POST,/InvoiceGeneration/GenerateInvoice
Final_Billing_Api,,POST,/InvoiceGeneration/GenerateMultipleInvoice
Final_Billing_Api,,POST,/InvoiceGeneration/InterimBillSearch
Final_Billing_Api,,POST,/InvoiceGeneration/PageLoadForStatusChange
Final_Billing_Api,,POST,/InvoiceGeneration/SaveStatusChange
Final_Billing_Api,,POST,/InvoiceGeneration/ServiceDetails
Final_Billing_Api,,POST,/InvoiceGeneration/UnbilledPatients
Final_Billing_Api,,POST,/InvoiceSettlement/CancelInvoiceSettlement
Final_Billing_Api,,POST,/InvoiceSettlement/CancelInvoiceSettlementDetails
Final_Billing_Api,,POST,/InvoiceSettlement/GetGeneratedInvoices
Final_Billing_Api,,GET,/InvoiceSettlement/InvoiceSettlementPageLoad
Final_Billing_Api,,POST,/InvoiceSettlement/SaveInvoiceSettlement
Final_Billing_Api,,POST,/Package/AvailedToCoveredServices
Final_Billing_Api,,POST,/Package/CoveredToAvailedServices
Final_Billing_Api,,POST,/Package/CoveredToExcludeServices
Final_Billing_Api,,POST,/Package/ExcludeToCoveredServices
Final_Billing_Api,,POST,/Package/GenPatBillingServices
Final_Billing_Api,,POST,/Package/MOHCoveredPackageDetails
Final_Billing_Api,,POST,/Package/MOHPackageAutoBilling
Final_Billing_Api,,POST,/Package/MOHPackageDetails
Final_Billing_Api,,POST,/Package/PackageDetails
Final_Billing_Api,,POST,/Package/PackageServiceQuitStatusChange
Final_Billing_Api,,POST,/Package/PackageServicesReallocate
Final_Billing_Api,,GET,/Package/PatientDischargeInfo?patFinEncounterId={p}
Final_Billing_Api,,POST,/Package/SavePackageDetails
Final_Billing_Api,,POST,/StatementGeneration/ApproveStatement
Final_Billing_Api,,POST,/StatementGeneration/CancelStatement
Final_Billing_Api,,POST,/StatementGeneration/CancelStatementSettlement
Final_Billing_Api,,POST,/StatementGeneration/PayerLoad
Final_Billing_Api,,POST,/StatementGeneration/RemoveFailedClaims
Final_Billing_Api,,POST,/StatementGeneration/SaveStatementGenerate
Final_Billing_Api,,POST,/StatementGeneration/SaveStatementSettlement
Final_Billing_Api,,GET,/StatementGeneration/StatementBillDetails?billMastGenerateId={p}&mode={p}
Final_Billing_Api,,POST,/StatementGeneration/StatementGenerationBuyer
Final_Billing_Api,,POST,/StatementGeneration/StatementGenerationSearch
Final_Billing_Api,,POST,/StatementGeneration/StatementInvoicesByStatementNo
Final_Billing_Api,,POST,/StatementGeneration/StatementNotIncluded
Final_Billing_Api,,POST,/StatementGeneration/UpdateStatementEdit
Final_Billing_Api,,POST,/StatementGeneration/VerifyStatement
Final_Billing_Api,,GET,/StatementGeneration/ViewStatementPageLoad?hospitalId={p}
Final_Billing_Api,,POST,/StatementGeneration/ViewStatementSearch
Printer_Suite_API,,POST,/CPOE/GetCPOEPrint
Printer_Suite_API,,POST,/DS/GetCompanionLeavePrint
Printer_Suite_API,,POST,/DS/GetLeavePrint
Printer_Suite_API,,POST,/DS/GetMedicalPrint
Printer_Suite_API,,POST,/DS/MiscellenousReport/Print
Printer_Suite_API,,POST,/EMR/ClinicalSummaryPreview
Printer_Suite_API,,POST,/EMR/EMR/VisitDetails
Printer_Suite_API,,POST,/EMR/KOTLabelPrint
Printer_Suite_API,,POST,/EMR/MedicineTacking/PDFPreview
Printer_Suite_API,,POST,/EMR/MilkCollectionSlipLabel
Printer_Suite_API,,POST,/EMR/PatientSlipLabel
Printer_Suite_API,,POST,/EMR/{p}
Printer_Suite_API,,GET,/FO/AdvancePrint?BillNo={p}&HospitalId={p}&Isprint={p}
Printer_Suite_API,,GET,/FO/AdvancePrint?BillNo={p}&HospitalId={p}&Isprint={p}&MachineName={p}
Printer_Suite_API,,POST,/FO/AdvanceRefundPrint
Printer_Suite_API,,GET,/FO/BillReprintForCashType?BillNo={p}&HospitalId={p}&Isprint={p}&LoginUser={p}&IsCopy={p}
Printer_Suite_API,,GET,/FO/BillReprintForCashType?BillNo={p}&HospitalId={p}&Isprint={p}&MachineName={p}&LoginUser={p}&IsCopy={p}
Printer_Suite_API,,GET,/FO/CreditInvoicePrint?BillNo={p}&HospitalId={p}&IsCredit={p}&IsCopy={p}&Isprint={p}&loginUser={p}&MachineName={p}
Printer_Suite_API,,GET,/FO/CreditInvoicePrint?BillNo={p}&HospitalId={p}&Isprint={p}&MachineName={p}&LoginUser={p}&IsCopy={p}
Printer_Suite_API,,POST,/FO/CreditNoteViewPrint
Printer_Suite_API,,GET,/FO/DiscoveryPrint?nphiesMastDiscoveryId={p}&hospitalId={p}
Printer_Suite_API,,GET,/FO/Eligibility?nphiesEligibilityCheckID={p}&hospitalId={p}
Printer_Suite_API,,POST,/FO/GetAvailedServiceDetailedPrint
Printer_Suite_API,,POST,/FO/InsApproval/PreviewClaimForm
Printer_Suite_API,,POST,/FO/InsApproval/PrintClaimForm
Printer_Suite_API,,GET,/FO/JHAHPreAuthPrint
Printer_Suite_API,,POST,/FO/PatientBandBarcode?AdtMastAdmDiscId={p}&MachineName={p}&HospitalId={p}
Printer_Suite_API,,POST,/FO/PatientBandBarcode?AdtMastAdmDiscId={p}&MachineName={p}&HospitalId={p}&mrNo={p}
Printer_Suite_API,,POST,/FO/PatientFaceSheetPrint
Printer_Suite_API,,GET,/FO/PatientSlip?mrNo={p}&userId={p}&hospitalId={p}&machineName={p}&numberOfCopy={p}
Printer_Suite_API,,POST,/FO/PharmacyReq/PreviewClaimForm
Printer_Suite_API,,POST,/FO/PharmacyReq/PrintPhReqClaimForm
Printer_Suite_API,,POST,/FO/PharmacylabelPrint
Printer_Suite_API,,GET,/FO/PreAuth?nphiesMastApprovalId={p}&hospitalId={p}
Printer_Suite_API,,GET,/FO/PrintAllotmentSlip?AdtMastAdmDiscId={p}&Isprint={p}
Printer_Suite_API,,GET,/FO/PrintAllotmentSlip?AdtMastAdmDiscId={p}&Isprint={p}&MachineName={p}
Printer_Suite_API,,POST,/FO/PrintDetailsForShiftClose
Printer_Suite_API,,POST,/FO/PrintForAdvanceRefundRequest
Printer_Suite_API,,POST,/FO/PrintForPaymentHistory
Printer_Suite_API,,POST,/FO/PrintMedicineAdminstration
Printer_Suite_API,,POST,/FO/PrintPrescriptionForm
Printer_Suite_API,,POST,/FO/SchemeBasedChargeDetailsPrint
Printer_Suite_API,,POST,/FO/consumption
Printer_Suite_API,,POST,/FO/consumption/view
Printer_Suite_API,,POST,/FO/indent
Printer_Suite_API,,POST,/Investigation/GetEmrAttachPrint
Printer_Suite_API,,POST,/Investigation/ResultPrint
Printer_Suite_API,,POST,/InvoicePrint/ClaimSubmissionAutoFileAttachment
Printer_Suite_API,,POST,/InvoicePrint/InvoiceCancelledBillPrint
Printer_Suite_API,,POST,/InvoicePrint/PrintAvailedPackage
Printer_Suite_API,,POST,/InvoicePrint/PrintInvoiceConsolidated
Printer_Suite_API,,POST,/InvoicePrint/PrintInvoiceDetailed
Printer_Suite_API,,POST,/InvoicePrint/StatementVatPrint
Printer_Suite_API,,POST,/Surgery/ORRegisterDetailsPrint
ADT_API,,POST,/ADT/ADTAdmissionDetailsCancel
ADT_API,,POST,/ADT/AdmittingProvider
ADT_API,,GET,/ADT/BedBilledDetails?encounterId={p}&mrNo={p}
ADT_API,,POST,/ADT/BedChargeDetails
ADT_API,,POST,/ADT/BedClass
ADT_API,,POST,/ADT/BedNo
ADT_API,,GET,/ADT/CancelReasons?hospitalId={p}
ADT_API,,POST,/ADT/ChangeProvider
ADT_API,,POST,/ADT/CheckADTSaveValidations
ADT_API,,POST,/ADT/DefaultBedDetails
ADT_API,,POST,/ADT/Discharge
ADT_API,,POST,/ADT/DischargeCancel
ADT_API,,GET,/ADT/DischargeReasons?hospitalId={p}
ADT_API,,POST,/ADT/EMRrecommendation
ADT_API,,POST,/ADT/HoldRoomRelease
ADT_API,,GET,/ADT/LookUpOnLoad?HospitalId={p}&MrNo={p}
ADT_API,,POST,/ADT/Room/WardList
ADT_API,,POST,/ADT/SaveAdmissionDetails
ADT_API,,POST,/ADT/TransferHold
ADT_API,,POST,/ADT/getAdmissionDetails
ADT_API,,POST,/AdmissionPlanning/AdmissionPlanningDetails
ADT_API,,POST,/AdmissionPlanning/AdmsnBedClass
ADT_API,,POST,/AdmissionPlanning/AdmsnPlanSave
ADT_API,,POST,/AdmissionPlanning/AdmsnPlanView
ADT_API,,GET,/AdmissionPlanning/Departments?HospitalId={p}
ADT_API,,GET,/AdmissionPlanning/Providers?HospitalId={p}
ADT_API,,POST,/AdtORSchedule/GetAdtAuthorizeORSchedule
ADT_API,,POST,/AdtORSchedule/GetAdtORScheduleView
ADT_API,,POST,/AdtORSchedule/SaveAdtAuthorizeORSchedule
ADT_API,,GET,/AdtRent/GetAdtRentRoomList?hospitalId={p}
ADT_API,,POST,/AdtRent/GetBedNameDate
ADT_API,,POST,/AdtRent/GetBilledServices
ADT_API,,POST,/BedInfo/ADTBlockWiseSearch
ADT_API,,GET,/BedInfo/BedDetailsCount?HospitalId={p}
ADT_API,,POST,/ChangeNursingStation/BedDetails
ADT_API,,GET,/ChangeNursingStation/ChangeNursingStationLookUp?hospitalId={p}
ADT_API,,POST,/ChangeNursingStation/GetRelation
ADT_API,,POST,/ChangeNursingStation/LevelBlock
ADT_API,,POST,/ChangeNursingStation/Save
ADT_API,,POST,/ChangeRoom/RoomBed/Save
ADT_API,,POST,/ChangeRoom/Status
ADT_API,,POST,/IPEnquiry/ADTAdvanceSearchResult
ADT_API,,POST,/IPEnquiry/ADTBlockWiseSearch
ADT_API,,GET,/IPEnquiry/BedClass?HospitalId={p}
ADT_API,,POST,/IPEnquiry/BedClassByNursingStation
ADT_API,,POST,/IPEnquiry/BedNo
ADT_API,,GET,/IPEnquiry/Block?HospitalId={p}
ADT_API,,GET,/IPEnquiry/Floor?HospitalId={p}
ADT_API,,GET,/IPEnquiry/Floor?hospitalid=1
ADT_API,,GET,/IPEnquiry/PatBirthRegDetails?BedNo={p}
Common_Shared_API,,GET,/Attachment/AttachmentType
Common_Shared_API,,GET,/Attachment/Category?module={p}&hospitalId={p}&userId={p}
Common_Shared_API,,POST,/Attachment/DeleteAttachments
Common_Shared_API,,POST,/Attachment/DeleteScannedFiles
Common_Shared_API,,GET,/Attachment/FOConsentAttachment?mrno={p}&hospitalId={p}&userId={p}&genLookupId={p}
Common_Shared_API,,GET,/Attachment/FOConsentCategory?mrno={p}&hospitalId={p}&userId={p}
Common_Shared_API,,POST,/Attachment/Files
Common_Shared_API,,GET,/Attachment/GetAttachmentCategory?mrno={p}&module={p}&refId={p}
Common_Shared_API,,GET,/Attachment/GetAttachmentSubCategory?mrno={p}&module={p}&refId={p}
Common_Shared_API,,POST,/Attachment/GetLogViewDeleteAttachment
Common_Shared_API,,GET,/Attachment/Privilege?attachmentType={p}
Common_Shared_API,,POST,/Attachment/SaveAttachments
Common_Shared_API,,POST,/Attachment/SaveScannedFiles
Common_Shared_API,,POST,/Attachment/ScannedDocuments
Common_Shared_API,,GET,/Attachment/SubCategory?module={p}&attachmentCategoryId={p}
Common_Shared_API,,POST,/Attachment/UpdateScannedFile
Common_Shared_API,,POST,/Attachment/UploadBrowsedFileToTemp
Common_Shared_API,,POST,/Attachment/UploadScannedFileToTemp
Common_Shared_API,,POST,/CommonShared/CPOE/PDFPreview
Common_Shared_API,,POST,/CommonShared/GenLookUp/ByType
Common_Shared_API,,POST,/CommonShared/GetBillingMessages?mrNo={p}
Common_Shared_API,,POST,/CommonShared/InsApproval/SaveEMRClinicalReport
Common_Shared_API,,POST,/CommonShared/InsApproval/SaveEMRFileAttachment
Common_Shared_API,,POST,/CommonShared/InsApproval/SavePharmacyEMRClinicalReport
Common_Shared_API,,POST,/CommonShared/InsApproval/SavePharmacyEMRFileAttachment
Common_Shared_API,,GET,/CommonShared/KOT/MultiSlips?HospitalId={p}
Common_Shared_API,,POST,/CommonShared/KOT/{p}
Common_Shared_API,,POST,/CommonShared/MultiSlip/PatientSlips
Common_Shared_API,,GET,/File/ClientAgent/Download/{p}
Common_Shared_API,,DELETE,/File/DeleteFile?fileName={p}
Common_Shared_API,,GET,/File/DownloadUrl?fileName={p}
Common_Shared_API,,POST,/File/SaveVideo
Common_Shared_API,,GET,/File/UploadUrl?fileName={p}
Common_Shared_API,,POST,/Notification/GetNotification?userID={p}
Common_Shared_API,,POST,/Notification/UpdateNotification?userID={p}&markAsRead={p}
Common_Shared_API,,POST,/PriceEsitmation/CalculateCmDiscount
Common_Shared_API,,POST,/PriceEsitmation/CalculateDrDiscount
Common_Shared_API,,POST,/PriceEsitmation/CalculatePrice
Common_Shared_API,,POST,/PriceEsitmation/GetPriceEstimation
Common_Shared_API,,GET,/PriceEsitmation/GetPriceEstimationLog?Emrpatdtlsinvorderid={p}
Common_Shared_API,,POST,/PriceEsitmation/PageLoad
Common_Shared_API,,POST,/PriceEsitmation/SavePriceEstimation
Blood_Bank_API,,POST,/BloodBank/BbMastCrossMatch
Blood_Bank_API,,POST,/BloodBank/CrossMatchSave
Blood_Bank_API,,POST,/BloodBank/CrossMatchStockinHand
Blood_Bank_API,,POST,/BloodBank/CrossMatchingDelete
Blood_Bank_API,,POST,/BloodBank/CrossMatchingSearch
Blood_Bank_API,,POST,/BloodBank/GetBloodRequestComponent
Blood_Bank_API,,POST,/BloodBank/LocationChangeSave
Blood_Bank_API,,POST,/BloodBank/MasterValidation
Blood_Bank_API,,POST,/BloodBank/TestResultView
Blood_Bank_API,,GET,/BloodBank/TransfusionReceiveComponentLog?hospitalId={p}&bbReceiveComponentID={p}
Blood_Bank_API,,POST,/BloodBank/TransfusionRequestAcknowledgeSave
Blood_Bank_API,,GET,/BloodBank/TransfusionRequestLog?hospitalId={p}&bbMastRequestId={p}
Blood_Bank_API,,POST,/BloodBank/TransfusionRequestSearch
Blood_Bank_API,,GET,/BloodBank/ValidateComponentUnitNo?receivecomponentid={p}&componentunitnumber={p}&componentid={p}&hospitalid={p}
Blood_Bank_API,,GET,/BloodBank/ValidateSampleNo?mrno={p}&sampleNo={p}
Blood_Bank_API,,POST,/Donor/PatientSelectionValidation
Blood_Bank_API,,POST,/EmrLookUp/EmrLookUpList
Blood_Bank_API,,POST,/EmrLookUp/IsbtValidation
Blood_Bank_API,,POST,/EmrLookUp/SaveEmrLookUp
Blood_Bank_API,,POST,/Questionnaire/BloodUnitNoSave
Blood_Bank_API,,POST,/Questionnaire/GenerateBloodUnitNo
Blood_Bank_API,,POST,/StockInHand/BloodBagSplitSave
Blood_Bank_API,,POST,/StockInHand/BloodGroupVerificationValidation
Blood_Bank_API,,POST,/StockInHand/DoctorRequest
Blood_Bank_API,,POST,/StockInHand/FetchTestDetails
Blood_Bank_API,,POST,/StockInHand/GetBloodGroupResult
Blood_Bank_API,,POST,/StockInHand/GetGroupOverrideReason
Blood_Bank_API,,POST,/StockInHand/GetPickupEmployeeList
Blood_Bank_API,,POST,/StockInHand/GetPrivilegedUserList
Blood_Bank_API,,POST,/StockInHand/IrradiationSave
Blood_Bank_API,,POST,/StockInHand/IsDonorValid
Blood_Bank_API,,POST,/StockInHand/ReservationCancellationSave
Blood_Bank_API,,POST,/StockInHand/SAGMRemoval
Blood_Bank_API,,POST,/StockInHand/SaveBloodIssueDetails
Blood_Bank_API,,POST,/StockInHand/SaveStockRemove/ReturnRemark
Blood_Bank_API,,POST,/StockInHand/StockInHand
Blood_Bank_API,,POST,/StockInHand/VerifyBloodUnit
Blood_Bank_API,,POST,/ViewIssueReturnRemove/TransfusionDetails
Patient_API,/patient-api/api/v1,GET,/HomeHealth/GetHomeHealthRequestLogDetails?requestId={p}
Patient_API,/patient-api/api/v1,GET,/HomeHealth/GetHomeHealthRequestNoteDetails?requestId={p}
Patient_API,/patient-api/api/v1,GET,/HomeHealth/GetPageLoadData?HospitalId={p}
Patient_API,/patient-api/api/v1,GET,/HomeHealth/GetProviderList?HospitalId={p}
Patient_API,/patient-api/api/v1,POST,/HomeHealth/GetValidations
Patient_API,/patient-api/api/v1,POST,/HomeHealth/HomeHealthRequestSearch
Patient_API,/patient-api/api/v1,POST,/HomeHealth/SaveHomeHealthRequest
Patient_API,/patient-api/api/v1,POST,/HomeHealth/SaveHomeHealthRequestNote
Patient_API,/patient-api/api/v1,POST,/HomeHealth/UpdateHomeHealthRequest
Patient_API,/patient-api/api/v1,POST,/MedicalRequest/GetEncMedReportRequests
Patient_API,/patient-api/api/v1,POST,/MedicalRequest/SaveNewMedReportRequest
Patient_API,/patient-api/api/v1,POST,/Outside/Register
Patient_API,/patient-api/api/v1,POST,/Patient/AdtRecommendList
Patient_API,/patient-api/api/v1,GET,/Patient/BirthReg/History?mrNo={p}&hospitalId={p}&visitNo={p}&mode={p}
Patient_API,/patient-api/api/v1,POST,/Patient/FOPatientAdvanceSearch
Patient_API,/patient-api/api/v1,GET,/Patient/GetInsuranceByPolicy?hospitalId={p}&policyNumber={p}
Patient_API,/patient-api/api/v1,POST,/Patient/GetPatientSearchCondition/list
Patient_API,/patient-api/api/v1,POST,/Patient/GetPatientSearchGeneral/list
Patient_API,/patient-api/api/v1,POST,/Patient/IndentPatientSearch
Patient_API,/patient-api/api/v1,POST,/Patient/OutsidePatientSearch
Patient_API,/patient-api/api/v1,POST,/Patient/PatRoomDetails
Patient_API,/patient-api/api/v1,POST,/Patient/PatientBannerInfo
Patient_API,/patient-api/api/v1,POST,/Patient/PatientHeader/Count
Patient_API,/patient-api/api/v1,POST,/Patient/PatientRelation/List
Patient_API,/patient-api/api/v1,POST,/Patient/PatientSelectionList
Patient_API,/patient-api/api/v1,GET,/Patient/ResourceData?HospitalId={p}
Patient_API,/patient-api/api/v1,POST,/Patient/Room/WardList
Patient_API,/patient-api/api/v1,POST,/Patient/Search
Patient_API,/patient-api/api/v1,POST,/Patient/SearchFOPatient
Patient_API,/patient-api/api/v1,POST,/Patient/StickyNotes
Patient_API,/patient-api/api/v1,POST,/Patient/StickyNotes/Create
Patient_API,/patient-api/api/v1,DELETE,/Patient/StickyNotes/Delete?GenStickyNoteId={p}
Patient_API,/patient-api/api/v1,PUT,/Patient/StickyNotes/Update
Patient_API,/patient-api/api/v1,PUT,/Patient/TokenStatus
Patient_API,/patient-api/api/v1,POST,/VitalSign/Details/List/ByDate
Pharmacy_API,,POST,/Consumption/cancel
Pharmacy_API,,POST,/Consumption/create
Pharmacy_API,,GET,/Consumption/items?phMastStockConsumptionId={p}
Pharmacy_API,,POST,/Consumption/list
Pharmacy_API,,POST,/Consumption/print
Pharmacy_API,,POST,/Consumption/service/batch
Pharmacy_API,,GET,/Consumption/service/item?phSublocationId={p}&hospitalId={p}
Pharmacy_API,,POST,/MedicineTracking/List
Pharmacy_API,,GET,/MedicineTracking/MedicineTrackingLog?PhDtlsMedicineTrackingId={p}
Pharmacy_API,,POST,/PatientIndent/IndentItem
Pharmacy_API,,POST,/PatientIndent/IndentRequests
Pharmacy_API,,POST,/PatientIndent/create
Pharmacy_API,,GET,/PatientIndent/detail?phMastStockRequestId={p}&isPharmacy={p}
Pharmacy_API,,POST,/PatientIndent/edit
Pharmacy_API,,POST,/PatientIndent/favourite/create
Pharmacy_API,,DELETE,/PatientIndent/favourite/delete?phMastStockRequestFavId={p}
Pharmacy_API,,GET,/PatientIndent/getGenLevel?hospitalId={p}
Pharmacy_API,,GET,/PatientIndent/inv/category
Pharmacy_API,,GET,/PatientIndent/item?hospitalId={p}
Pharmacy_API,,POST,/PatientIndent/print
Pharmacy_API,,POST,/PharmacyOrder/PharmacyOrderForms
Pharmacy_API,,POST,/PharmacyPanel/Intervention/Save
Pharmacy_API,,GET,/Stock/StockView/GetPhStockCategory
Pharmacy_API,,POST,/SublocationMaster/CreateSublocationMaster
Pharmacy_API,,GET,/SublocationMaster/GetAllSublocations?hospitalId={p}
Pharmacy_API,,GET,/SublocationMaster/GetEmpById?empId={p}
Pharmacy_API,,GET,/SublocationMaster/GetMstrServiceItems
Pharmacy_API,,GET,/SublocationMaster/GetPrivilegesByGrpName?groupName={p}&hospitalId={p}
Pharmacy_API,,GET,/SublocationMaster/GetSublocationMaster?sublocationId={p}
Pharmacy_API,,GET,/SublocationMaster/GetSublocationPrivilegeGroup?hospitalId={p}
Pharmacy_API,,GET,/SublocationMaster/GetSublocationPriviliges?userId={p}&hospitalId={p}
Pharmacy_API,,POST,/SublocationMaster/UpdatePrivilegeGroup
Pharmacy_API,,POST,/SublocationMaster/UpdateSublocationMaster
Pharmacy_API,,POST,/SublocationMaster/UpdateSublocationPriviliges
EMR_Core_API,/emr-core-api/api/v1,POST,/EMRCore/CPOE/OrderDetails/ProviderVisitId
EMR_Core_API,/emr-core-api/api/v1,POST,/EMRCore/CPOE/PDFPreview
EMR_Core_API,/emr-core-api/api/v1,POST,/EMRCore/CPOE/PreviousOrder
EMR_Core_API,/emr-core-api/api/v1,POST,/EMRCore/CPOEPreview
EMR_Core_API,/emr-core-api/api/v1,POST,/EMRCore/CheckListPDFPreview
EMR_Core_API,/emr-core-api/api/v1,POST,/EMRCore/ClinicalSummaryPDFPreview
EMR_Core_API,/emr-core-api/api/v1,POST,/EMRCore/ClinicalSummaryPreview
EMR_Core_API,/emr-core-api/api/v1,POST,/EMRCore/CommonPDFPreview
EMR_Core_API,/emr-core-api/api/v1,POST,/EMRCore/DeleteDiagnosisIcd
EMR_Core_API,/emr-core-api/api/v1,POST,/EMRCore/DiagnosisPreview
EMR_Core_API,/emr-core-api/api/v1,POST,/EMRCore/EmrHtmlPreview
EMR_Core_API,/emr-core-api/api/v1,POST,/EMRCore/EmrNoteLogPreview
EMR_Core_API,/emr-core-api/api/v1,POST,/EMRCore/HandOffPreview
EMR_Core_API,/emr-core-api/api/v1,POST,/EMRCore/HistoryPreview
EMR_Core_API,/emr-core-api/api/v1,POST,/EMRCore/IsValidEmrPatDtlsEntries
EMR_Core_API,/emr-core-api/api/v1,GET,/EMRCore/IsValidEmrPatDtlsEntry/Delete/{p}
EMR_Core_API,/emr-core-api/api/v1,GET,/EMRCore/IsValidEmrPatDtlsEntry/{p}
EMR_Core_API,/emr-core-api/api/v1,POST,/EMRCore/Note
EMR_Core_API,/emr-core-api/api/v1,POST,/EMRCore/Note/V2
EMR_Core_API,/emr-core-api/api/v1,POST,/EMRCore/NurseCheckListPreview
EMR_Core_API,/emr-core-api/api/v1,POST,/EMRCore/NursingCarePlan/Preview
EMR_Core_API,/emr-core-api/api/v1,GET,/EMRCore/PatHealthLiteracyScalePreview?mrno={p}
EMR_Core_API,/emr-core-api/api/v1,GET,/ICD/GetDiagnosisPreviewDetails?encounterId={p}
EMR_Core_API,/emr-core-api/api/v1,POST,/ICD/SaveIcd
EMR_Core_API,/emr-core-api/api/v1,POST,/PeriOperativeRecords/OTCheckList
Econnect_API,,POST,/Jhah/JhahPreAuthorization/PharmacyStatusCheck
Econnect_API,,POST,/Nphies/Claim/Eligibility/View
Econnect_API,,POST,/Nphies/ClaimSubmission/BulkCommunication
Econnect_API,,POST,/Nphies/ClaimSubmission/CancelRequest
Econnect_API,,POST,/Nphies/ClaimSubmission/Communication
Econnect_API,,POST,/Nphies/ClaimSubmission/SendClaimRequest
Econnect_API,,POST,/Nphies/ClaimSubmission/SendClaimRequestAsync
Econnect_API,,POST,/Nphies/ClaimSubmission/SendClaimRequestService
Econnect_API,,POST,/Nphies/ClaimSubmission/SendPollRequest
Econnect_API,,POST,/Nphies/ClaimSubmission/StatusCheck
Econnect_API,,POST,/Nphies/Discovery/Check
Econnect_API,,GET,/Nphies/Discovery/Response?nphiesMastDiscoveryId={p}&hospitalId={p}
Econnect_API,,POST,/Nphies/Discovery/Search
Econnect_API,,GET,/Nphies/Discovery/View?nphiesMastDiscoveryId={p}&hospitalId={p}
Econnect_API,,POST,/Nphies/Eligibility/Check
Econnect_API,,GET,/Nphies/Eligibility/RequestAndResponse?nphiesEligibilityCheckId={p}&hospitalId={p}
Econnect_API,,POST,/Nphies/Eligibility/Search
Econnect_API,,POST,/Nphies/EligibilityCheck
Econnect_API,,POST,/Nphies/PreAuthorization/SendCommunication
Econnect_API,,POST,/Nphies/PreAuthorization/SendPollRequest
Econnect_API,,POST,/SMS/GetOtp
Econnect_API,,POST,/SMS/TermsAndCondition
Econnect_API,,POST,/SMS/VerifyOtp
CSSD_API,,GET,/CssdProcess/CssdComments?CssdMastProcessId={p}
CSSD_API,,GET,/CssdProcess/CssdTransferDetails?HospitalId={p}
CSSD_API,,GET,/CssdProcess/GetAttachments?CssdDtlsProcessId={p}
CSSD_API,,POST,/CssdProcess/GetCssdCategoryItemsById
CSSD_API,,POST,/CssdProcess/GetCssdInitialData
CSSD_API,,POST,/CssdProcess/GetCssdItemsByMastProcess
CSSD_API,,POST,/CssdProcess/GetCssdMissingItems
CSSD_API,,POST,/CssdProcess/GetCssdProcessDtls
CSSD_API,,GET,/CssdProcess/GetCssdPycisianDetails?CssdSetId={p}
CSSD_API,,GET,/CssdProcess/GetScannedFiles?CssdDtlsProcessId={p}
CSSD_API,,POST,/CssdProcess/GetTransferInitialData
CSSD_API,,POST,/CssdProcess/SendingProcess/Save
CSSD_API,,POST,/CssdProcess/Transfer/Save
CSSD_API,,POST,/CssdProcess/UpdateCssdSet
Surgery_API,,POST,/Surgery/AttendeeList
Surgery_API,,POST,/Surgery/NoteLog
Surgery_API,,POST,/Surgery/ORDashboradRegisterDetails
Surgery_API,,POST,/Surgery/ORScheduleDetails
Surgery_API,,POST,/Surgery/ORTrackingDashboard
Surgery_API,,POST,/Surgery/OTMastScheduleORNote
Surgery_API,,POST,/Surgery/OperationRoomList
Surgery_API,,POST,/Surgery/PatientDashboard
Surgery_API,,POST,/Surgery/SaveAfterAndBeforeProcedure
Surgery_API,,POST,/Surgery/SaveSurgeryNoteCounterSign
Surgery_API,,POST,/Surgery/SelectedProcedureDetails
Surgery_API,,POST,/Surgery/SurgeryAppointmentAuthorized
Surgery_API,,POST,/Surgery/SurgeryScheduleDetails
Surgery_API,,GET,/Surgery/SurgeryType
Template_API,,POST,/Template/Header
Template_API,,POST,/Template/Provider
Template_API,,POST,/Template/TemplateMaster
Template_API,,POST,/TemplateMaster/DeleteTemplate
Template_API,,POST,/TemplateMaster/EditFetchFieldDetails
Template_API,,POST,/TemplateMaster/EditMainHeadingFetch
Template_API,,POST,/TemplateMaster/FetchTemplate
Template_API,,POST,/TemplateMaster/FetchTemplateMainHeading
Template_API,,POST,/TemplateMaster/FetchTemplateVisitType
Template_API,,POST,/TemplateMaster/GetDefaultMainHeading
Template_API,,POST,/TemplateMaster/GetTemplateImages
Template_API,,POST,/TemplateMaster/SetTemplateData
Template_API,,POST,/TemplateMaster/TemplateCreation
Template_API,,POST,/TemplateMaster/TemplateType
DischargSummary_API,,POST,/Leaves/GetDiagnosis
DischargSummary_API,,POST,/Leaves/GetLeaveHistoryDetails
DischargSummary_API,,POST,/Leaves/Logs
DischargSummary_API,,POST,/Leaves/ResendLeaveToLean
DischargSummary_API,,POST,/Leaves/Save
DischargSummary_API,,POST,/Leaves/SaveCompanionLeave
DischargSummary_API,,POST,/Leaves/SaveLeavesCounterSign
DischargSummary_API,,POST,/Leaves/SearchCompanionId
DischargSummary_API,,POST,/Leaves/SearchCompanionLeave
DischargSummary_API,,POST,/Leaves/SearchLeaves
DischargSummary_API,,POST,/Leaves/SickleaveLog
Task_API,,POST,/TaskSuite/Count
Task_API,,POST,/TaskSuite/Createnewtask
Task_API,,POST,/TaskSuite/GetCurrentTaskList
Task_API,,POST,/TaskSuite/GetGentaskList
Task_API,,POST,/TaskSuite/GetPendingTaskList
Task_API,,POST,/TaskSuite/MacSecondApproval/Update
Task_API,,POST,/TaskSuite/MacSecondApproval/list
Task_API,,POST,/TaskSuite/PendingTaskCount
Task_API,,POST,/TaskSuite/RefreshCount
Task_API,,GET,/TaskSuite/Tasksuit/enumList
Task_API,,PUT,/TaskSuite/UpdateTaskListStatus
Personnel_API,,GET,/General/Departments
Personnel_API,,GET,/General/GetCostCenter
Personnel_API,,GET,/General/Specialties
Personnel_API,,POST,/Providers/Availability/Check
Personnel_API,,GET,/Providers/ByUser/{p}
Personnel_API,,POST,/Providers/EMRProviderList
Personnel_API,,GET,/Providers/FoProviders?userId={p}&hospitalId={p}
Personnel_API,,POST,/Providers/ProviderSpecialities
Personnel_API,,GET,/Resources/InchargeProvider
Security_Suite_API,/security-api/api/v1,GET,/Authentication/Check/Session?SessionId={p}
Security_Suite_API,/security-api/api/v1,GET,/Authentication/Sites/ByUser?userId={p}
Security_Suite_API,/security-api/api/v1,POST,/Authentication/VerifyPassword
Security_Suite_API,/security-api/api/v1,GET,/Menu/List/{p}/{p}
Security_Suite_API,/security-api/api/v1,POST,/User/GetModulePrivilegeSites
Security_Suite_API,/security-api/api/v1,POST,/User/Preference
Security_Suite_API,/security-api/api/v1,GET,/User/Preference/{p}
Finance_API,,GET,/CardCommissionSetting/CardSettingInitialData?HospitalId={p}
Finance_API,,GET,/CardCommissionSetting/GetCardCommissionSetting
Finance_API,,GET,/CardDiscount/GetCardDiscountSetting
Finance_API,,POST,/ShiftOpen/InsertShiftOpenDetails
Finance_API,,POST,/ShiftOpen/ShiftOpen
Finance_API,,POST,/ShiftOpen/ShiftOpenStatus
Investigation_API,/investigation-api/api/v1,POST,/InvestigationCommon/UserPrivilegedCategory
Investigation_API,/investigation-api/api/v1,POST,/ResultEntry/GetTemplateMasterData
Investigation_API,/investigation-api/api/v1,POST,/ResultEntry/GetTemplateTestResultDetails
Investigation_API,/investigation-api/api/v1,POST,/SampleAcceptance/SampleRejectionReason
QMatics_Common_API,,GET,/api/v1/QMatics/Area/Modules/{p}/{p}
QMatics_Common_API,,POST,/api/v1/QMatics/Notify/PrintToken
QMatics_Common_API,,GET,/api/v1/QMatics/User/TokenCount/{p}/{p}
RCM_PrinterSuite_API,,POST,/InvoicePrint/MassPrint
RCM_PrinterSuite_API,,POST,/InvoicePrint/MassPrintFileAttachment
RCM_PrinterSuite_API,,POST,/InvoicePrint/VisitWisePrint
Appointment_API,,POST,/Provider/Slots/Provider
PharmacyPanel_API,,POST,/PharmacyPanel/BillingId/List